Id;fecha;banco;morosidad;pbi;tasa_activa;tasa_pasiva;cartera_total;spread
1;2010-01-30;Azteca;-5,09487001096935;3,09973872260936;19,97548;1,444581;91470,2482158548;18,530899
2;2010-02-30;Azteca;-6,84041921388346;5,09543709179996;19,76036;1,39174;92459,18782068;18,36862
3;2010-03-30;Azteca;-7,23139589241198;8,13674194381058;19,48806;1,35968;94126,3081121465;18,12838
4;2010-04-30;Azteca;-7,29108620475041;7,9722443788201;19,39367;1,29767;95946,0098819624;18,096
5;2010-05-30;Azteca;-6,37006861566631;7,53505209738022;19,17935;1,33258;97873,2306796958;17,84677
6;2010-06-30;Azteca;-6,58623833542674;12,8277818078601;19,124;1,38977;99082,4339075997;17,73423
7;2010-07-30;Azteca;-7,26795706267506;9,91181998600019;18,205;1,4506;100791,651839417;16,754399999999997
8;2010-08-30;Azteca;-8,10787857353738;8,72290742396025;18,0813;1,6216;99774,2127051353;16,459699999999998
9;2010-09-30;Azteca;-9,01179968692587;10,06527640767;18,3447;1,748;99406,3336637612;16,5967
10;2010-10-30;Azteca;-9,60144402916903;9,42619659579032;18,7145;1,839;100541,496064182;16,875500000000002
11;2010-11-30;Azteca;-5,36510508148542;8,83483102372992;18,718;1,842;103422,060777227;16,876
12;2010-12-30;Azteca;-4,73730072469472;7,81210224176022;18,733;1,802;104896,071719061;16,931
13;2011-01-30;Azteca;-4,98560194257042;9,56527024911006;18,679;1,865;105702,78900746;16,814
14;2011-02-30;Azteca;-5,19516314655426;8,05783062817041;18,58;1,989;107403,07598927;16,590999999999998
15;2011-03-30;Azteca;-5,70368399564771;7,68532243598949;18,6542;2,0394;110860,9531216;16,6148
16;2011-04-30;Azteca;-5,71270927566787;7,42563488842943;18,512;2,0897;114610,68941318;16,4223
17;2011-05-30;Azteca;-6,46962046839106;5,54189993776013;18,4926;2,3042;117469,44059454;16,1884
18;2011-06-30;Azteca;-8,16326470253561;2,98103131605997;18,581;2,477;118641,26299725;16,104
19;2011-07-30;Azteca;-8,50083026523158;6,06507053676931;18,54;2,4761;120036,9824773;16,0639
20;2011-08-30;Azteca;-8,88631087677415;6,48080840764941;18,659;2,5197;120983,04623169;16,1393
21;2011-09-30;Azteca;-9,88472698307241;4,90474354881041;18,717;2,5533;122529,13554308;16,1637
22;2011-10-30;Azteca;-10,8504360516997;4,45651581325019;19,0103;2,5842;123168,52310561;16,4261
23;2011-11-30;Azteca;-11,3003277540639;4,74225301367989;18,849;2,5703;124573,8061602;16,2787
24;2011-12-30;Azteca;-9,75158240236033;8,66690720500048;18,861;2,4681;127594,4615945;16,3929
25;2012-01-30;Azteca;-10,8187625580628;5,45154968600407;19,0294;2,4645;128619,250751001;16,564899999999998
26;2012-02-30;Azteca;-10,3238547327539;7,05454218784318;18,7579;2,5004;128618,768754377;16,2575
27;2012-03-30;Azteca;-9,99027347042195;5,85691316374118;19,0135;2,5203;130336,955932312;16,4932
28;2012-04-30;Azteca;-10,082110798958;3,19711552540307;19,2147;2,4393;131099,764668099;16,7754
29;2012-05-30;Azteca;-10,0300612897238;6,9171164679619;19,341;2,4561;135396,412392417;16,884900000000002
30;2012-06-30;Azteca;-10,0559477978816;7,53631288857866;19,6167;2,4757;136587,360127535;17,141000000000002
31;2012-07-30;Azteca;-10,3682142932721;7,25261754336291;19,469;2,4835;137632,713477335;16,985500000000002
32;2012-08-30;Azteca;-10,2891357757434;7,06201511835402;19,4068;2,4274;138742,833903589;16,979400000000002
33;2012-09-30;Azteca;-10,3588920730805;6,74548019154057;19,3003;2,4527;140098,644280677;16,8476
34;2012-10-30;Azteca;-10,3446552104629;7,41634436032168;19,3323;2,4474;140619,089445488;16,884900000000002
35;2012-11-30;Azteca;-11,1067965052599;6,06180649649839;19,2763;2,4423;141971,486761694;16,834
36;2012-12-30;Azteca;-11,3036201586207;3,42503686357549;19,085;2,37;143381,752445136;16,715
37;2013-01-30;Azteca;-11,9857888726379;6,45527800965146;19,4116;2,3774;143924,213626111;17,0342
38;2013-02-30;Azteca;-12,6035529463567;5,08612805742209;19,27;2,3671;144967,892788439;16,9029
39;2013-03-30;Azteca;-13,2679579412097;3,50645360666613;19,0781;2,2871;146983,042569046;16,791
40;2013-04-30;Azteca;-13,2666959712229;8,82067463968362;19,0897;2,309;149588,04782395;16,7807
41;2013-05-30;Azteca;-14,8755675035283;4,26285716421081;18,9452;2,3039;153200,527471291;16,6413
42;2013-06-30;Azteca;-14,796715310556;5,85480037508544;18,8077;2,3187;157619,942045018;16,489
43;2013-07-30;Azteca;-14,9487559990166;5,31159859188824;18,4748;2,3271;159868,223628347;16,147699999999997
44;2013-08-30;Azteca;-14,0483970009434;5,50543308658207;18,1187;2,3158;163789,801182292;15,802900000000001
45;2013-09-30;Azteca;-13,923478337416;4,86322588723548;17,5843;2,3467;164610,589487021;15,237599999999999
46;2013-10-30;Azteca;-13,7536243152289;6,2085695594993;16,6471;2,3432;166348,164810084;14,303899999999999
47;2013-11-30;Azteca;-13,9354566072597;7,28241158278986;16,3673;2,3327;170158,401818378;14,034600000000001
48;2013-12-30;Azteca;-13,5324196480704;7,03298792251822;15,8765;2,2697;171751,523064292;13,6068
49;2014-01-30;Azteca;-14,3100230835201;4,22779553969517;15,9881;2,2552;172329,943011801;13,732899999999999
50;2014-02-30;Azteca;-14,9767465562767;5,20778584573871;15,8071;2,2636;173515,547867492;13,5435
51;2014-03-30;Azteca;-15,9184652737762;5,41175050657321;15,6132;2,2732;175851,686060143;13,34
52;2014-04-30;Azteca;-17,2185185141826;2,9227670766698;15,5293;2,2957;177923,043139245;13,2336
53;2014-05-30;Azteca;-18,1120713038376;2,59010248818859;15,6132;2,3419;179043,133266155;13,2713
54;2014-06-30;Azteca;-19,1564537606024;0,377809386320063;16,0437;2,403;182625,504765777;13,6407
55;2014-07-30;Azteca;-20,5531611869937;1,44969443766443;15,9294;2,3829;183850,862135435;13,5465
56;2014-08-30;Azteca;-20,5510941683865;1,35321229346922;15,8752;2,3319;185421,418434124;13,543299999999999
57;2014-09-30;Azteca;-20,8414804058628;2,67337539829948;15,689;2,324;187783,967748193;13,365
58;2014-10-30;Azteca;-22,5542633808891;2,27379963938056;15,5535;2,3087;190413,12089967;13,2448
59;2014-11-30;Azteca;-22,9562406111903;0,157929164213429;15,6087;2,2923;192240,760977915;13,316400000000002
60;2014-12-30;Azteca;-22,3762733528277;0,794857324711063;15,6694;2,2739;194937,779817565;13,3955
61;2015-01-30;Azteca;-22,5033141547363;1,56136027088578;16,1668;2,2448;197122,269584258;13,921999999999999
62;2015-02-30;Azteca;-22,6311376432786;1,23388958685352;15,9979;2,22;198325,232429746;13,777899999999999
63;2015-03-30;Azteca;-23,9622475685135;2,93665474858232;16,0777;2,2281;202798,239654182;13,8496
64;2015-04-30;Azteca;-24,4716433928954;4,19795086562356;15,9223333333333;2,21466666666667;206559,06471937;13,707666666666631
65;2015-05-30;Azteca;-25,0568865892896;1,28310541124468;16,0042;2,2732;209835,686276021;13,731000000000002
66;2015-06-30;Azteca;-26,5065433613969;4,0852915674958;16,1823;2,2477;210598,22149881;13,934600000000001
67;2015-07-30;Azteca;-25,9521454248346;3,60261789062785;16,1542;2,2132;212490,570574082;13,940999999999999
68;2015-08-30;Azteca;-24,6162905314511;2,66923547239152;16,2516;2,2558;216960,582850091;13,9958
69;2015-09-30;Azteca;-24,0249819928957;3,1878615346694;16,0927;2,365;219330,718134439;13,7277
70;2015-10-30;Azteca;-24,9284180170079;3,27340498190499;16,2439;2,37870967741936;221930,655338288;13,86519032258064
71;2015-11-30;Azteca;-24,8535770216138;3,9419272426407;16,083;2,424;225923,716490611;13,658999999999999
72;2015-12-30;Azteca;-11,7241174034669;6,50665717154398;16,0933;2,4073;225466,907267483;13,686
73;2016-01-30;Azteca;-22,9948531485388;3,54102729192158;16,2358;2,4981;227274,63900488;13,7377
74;2016-02-30;Azteca;-22,6311376432786;6,42433385603047;16,1293;2,57;229411,005103949;13,5593
75;2016-03-30;Azteca;-23,0756695779232;3,54940732384805;16,0516;2,6139;226870,296620517;13,4377
76;2016-04-30;Azteca;-22,2825772151998;2,76647916648216;15,9873;2,6137;227683,365987705;13,3736
77;2016-05-30;Azteca;-20,6202775715711;4,87350380260541;16,0206;2,7061;228232,064959727;13,314500000000002
78;2016-06-30;Azteca;-18,6882998214039;3,57853940223563;16,2;2,6457;228166,448775348;13,5543
79;2016-07-30;Azteca;-16,4959434007263;3,58058848604883;16,3787;2,7039;231427,70755541;13,674799999999998
80;2016-08-30;Azteca;-15,3283752685842;5,77374525795702;16,4984;2,7113;232269,69808908;13,7871
81;2016-09-30;Azteca;-14,7126847725644;4,50899026825206;16,8447;2,705;233147,0156;14,1397
82;2016-10-30;Azteca;-13,523889976868;2,18073554688548;17,0642;2,7081;232223,63659347;14,3561
83;2016-11-30;Azteca;-12,9233033208843;3,51819707926029;17,0273;2,6703;234678,355714603;14,357
84;2016-12-30;Azteca;-11,7241174034669;3,47941209391209;17,1565;2,6303;234802,958740691;14,526200000000001
85;2017-01-30;Azteca;-12,3059304025764;5,01618303367953;17,7387;2,7;231878,155603592;15,038700000000002
86;2017-02-30;Azteca;-12,9069656213355;0,787434462023569;17,0679;2,7339;232033,630864814;14,334000000000001
87;2017-03-30;Azteca;-13,9099742528069;1,16379585033846;16,9577;2,7077;231483,69539101;14,25
88;2017-04-30;Azteca;-14,6979563462854;0,312176167669932;16,844;2,7083;231732,418459482;14,135700000000002
89;2017-05-30;Azteca;-14,9200169222172;3,6584833367899;16,7794;2,7294;233202,820744494;14,049999999999999
90;2017-06-30;Azteca;-14,7505701638636;3,97016280935115;17,084;2,7223;233091,202663926;14,361699999999999
91;2017-07-30;Azteca;-14,3168959098196;2,23023573365417;17,0961;2,6939;234586,259024844;14,4022
92;2017-08-30;Azteca;-14,1125969904659;2,8604754231328;16,9332;2,6571;235217,013544844;14,2761
93;2017-09-30;Azteca;-14,3498092826496;3,35308282776933;16,6457;2,596;237583,524436263;14,049700000000001
94;2017-10-30;Azteca;-15,1093187943033;3,60973198180482;16,4035;2,5858;238533,98464101;13,817700000000002
95;2017-11-30;Azteca;-14,0448944951905;2,03212270846349;16,1023;2,5397;241891,656214012;13,5626
96;2017-12-30;Azteca;-12,9563791064452;1,41887025613422;15,7974;2,461;243367,009744844;13,3364
97;2018-01-30;Azteca;9,65199467136512;2,87233496226407;15,8884;2,4206;242941,760741095;13,4678
98;2018-02-30;Azteca;9,46592091342123;2,71425300120006;15,6932;2,3446;245334,86868;13,3486
99;2018-03-30;Azteca;9,70032624950628;3,8814633366802;15,1135;2,2861;246351,202016148;12,8274
100;2018-04-30;Azteca;9,6039505321284;8,084233111352;14,347;2,2337;249116,793695291;12,113299999999999
101;2018-05-30;Azteca;9,67939563526963;6,70725904443513;14,0677;2,1994;252163,211933841;11,868300000000001
102;2018-06-30;Azteca;9,67074636016132;2,07181626049809;14,0947;2,26;253301,933239413;11,8347
103;2018-07-30;Azteca;9,48179573348611;2,60707391223498;14,0626;2,2606;254421,797173841;11,802
104;2018-08-30;Azteca;9,65662404314339;2,32022079624739;14,2242;2,2616;256503,807181553;11,9626
105;2018-09-30;Azteca;9,52967272694958;2,39025390732122;14,302;2,2863;258816,6135;12,015699999999999
106;2018-10-30;Azteca;9,73753227439826;4,08424499495933;14,1619;2,3381;262213,119146969;11,823799999999999
107;2018-11-30;Azteca;9,41411600251694;5,05984750171066;14,2185;2,353;264496,08236;11,8655
108;2018-12-30;Azteca;9,36193724987907;4,70875013950894;14,2958;2,3594;267601,59422432;11,936399999999999
109;2019-01-30;Azteca;9,30362997800308;1,68204536506575;14,321;2,4245;265517,052688956;11,8965
110;2019-02-30;Azteca;9,26258537480444;2,08192064619262;14,3586;2,4704;264617,017414623;11,8882
111;2019-03-30;Azteca;9,31757524601649;3,38565671233177;14,4926;2,4184;268155,642070597;12,0742
112;2019-04-30;Azteca;9,21945708744644;-0,00370655104660235;14,509;2,4783;268798,917735074;12,0307
113;2019-05-30;Azteca;9,20085370725421;0,689357311198934;14,4781;2,4839;272208,722555459;11,9942
114;2019-06-30;Azteca;9,10901570561639;2,8184051537171;14,589;2,4923;272167,815575488;12,0967
115;2019-07-30;Azteca;9,02547966326442;3,93022450861361;14,501;2,4655;274252,564675074;12,035499999999999
116;2019-08-30;Azteca;8,74925737114377;3,71508023590506;14,4355;2,4068;278775,3476757;12,028699999999999
117;2019-09-30;Azteca;8,54649987873489;2,53124314155433;14,4193;2,3203;279218,395525627;12,099
118;2019-10-30;Azteca;8,65385715864949;2,70764198774884;14,2445;2,2823;282695,597197098;11,9622
119;2019-11-30;Azteca;8,98962393834286;2,31063247935892;14,192;2,266;285104,147780919;11,926
120;2019-12-30;Azteca;8,9929784647543;1,2406739415473;14,0848;2,1952;283417,612610272;11,8896
121;2020-01-30;Azteca;9,01024709750797;3,30328579210706;14,351;2,1571;284480,616991903;12,193900000000001
122;2020-02-30;Azteca;9,02680803793292;4,57990369607169;14,2166;2,1403;287509,080545274;12,0763
123;2020-03-30;Azteca;7,8544017362527;-17,6060068593198;14,0555;2,0994;292520,521325249;11,9561
124;2020-04-30;Azteca;9,03751433511744;-39,276985716532;13,3643;1,9517;294981,865972206;11,4126
125;2020-05-30;Azteca;10,0094168136595;-32,727246502532;12,7823;1,7423;317901,940662927;11,04
126;2020-06-30;Azteca;8,13219490426334;-18,1034455760272;12,4427;1,4927;323619,763992646;10,950000000000001
127;2020-07-30;Azteca;8,21907867755658;-11,0192247908879;12,2887;1,3048;328728,354384708;10,9839
128;2020-08-30;Azteca;7,94327898286925;-9,1655146146572;12,3435;1,1994;330282,552725012;11,1441
129;2020-09-30;Azteca;11,837659868655;-5,86720943430298;12,4423;1,1513;329715,208692015;11,291
130;2020-10-30;Azteca;15,5560912684396;-3,25483448382076;12,4984;1,1065;329466,619187729;11,3919
131;2020-11-30;Azteca;16,0091077152848;-2,10701610176808;12,3737;1,0603;330898,145004204;11,3134
132;2020-12-30;Azteca;15,4587598442573;1,03032310851424;12,101;1,01;330497,714999158;11,091000000000001
133;2021-01-30;Azteca;15,1872028153975;-0,997341320021622;12,0323;0,9526;322545,157791186;11,079699999999999
134;2021-02-30;Azteca;14,639737272538;-3,82132610746839;11,8846;0,9139;325538,713886489;10,9707
135;2021-03-30;Azteca;18,6066323919359;19,8682137808316;11,1365;0,8919;330091,565388301;10,2446
136;2021-04-30;Azteca;22,6973654237089;59,8947623291564;11,0793;0,8914;334027,12164637;10,187899999999999
137;2021-05-30;Azteca;16,4563744104048;48,5993221115384;10,8042;0,8623;339745,11524814;9,9419
138;2021-06-30;Azteca;12,9871839843805;23,4110933239464;10,683;0,819;346308,316824556;9,864
139;2021-07-30;Azteca;8,89686027915689;13,3172829771082;10,6816;0,7865;356316,82537433;9,8951
140;2021-08-30;Azteca;7,85814766855409;12,0115996029552;10,6861;0,7632;352728,81126038;9,9229
141;2021-09-30;Azteca;12,5254321555437;10,0310469174935;10,4913;0,7803;353224,181395059;9,711
142;2021-10-30;Azteca;11,1211959554895;4,76941227826566;10,5577;0,8197;348531,963698612;9,738000000000001
143;2021-11-30;Azteca;6,72859850112608;3,75939452387283;10,7307;0,9177;351524,562791852;9,813
144;2021-12-30;Azteca;5,01592144184994;2,03857895343596;10,9868;1,0332;351547,028702497;9,953600000000002
145;2022-01-30;Azteca;3,33316548743934;3,07233820894321;11,1277;1,1216;347860,89644456;10,0061
146;2022-02-30;Azteca;5,85964076607657;4,84817141819692;11,2939;1,3082;349410,614110348;9,985700000000001
147;2022-03-30;Azteca;5,15658202806876;3,90609081039353;11,5168;1,4668;352219,544574875;10,05
148;2022-04-30;Azteca;4,65526519547487;4,05956735448008;11,8497;1,5737;356360,952277521;10,276
149;2022-05-30;Azteca;4,52656909602636;2,55561245088643;12,1248;1,8519;355562,181344763;10,2729
150;2022-06-30;Azteca;4,90784032981941;3,73340672963062;12,4933;2,0823;361021,846173373;10,411
151;2022-07-30;Azteca;4,84714450875937;1,99929995548116;12,6616;2,2897;369690,15928018;10,3719
152;2022-08-30;Azteca;4,14229518555441;2,00923450710866;12,9406;2,4726;366647,946617273;10,468
153;2022-09-30;Azteca;3,85620752911161;2,1575485636082;13,3757;2,6123;369424,002927107;10,7634
154;2022-10-30;Azteca;3,91389560886119;2,60004901094656;13,5935;2,7542;366395,936714041;10,839300000000001
155;2022-11-30;Azteca;3,6043430134095;2,19611119378252;13,926;2,9257;362694,817549764;11,0003
156;2022-12-30;Azteca;3,75119313384431;1,28549481803624;14,2635;2,9706;359700,887677788;11,2929
157;2023-01-30;Azteca;4,03224625043347;-0,57827332938386;14,4623;3,1671;358160,728410833;11,295200000000001
158;2023-02-30;Azteca;3,38287243588245;-0,349595705654184;14,7364;3,3196;355361,513441952;11,4168
159;2023-03-30;Azteca;2,58257338230955;0,832314576504402;14,8803;3,4381;358265,32925923;11,4422
160;2023-04-30;Azteca;2,36684359380221;0,691224584296832;15,1693;3,5837;357840,458055733;11,5856
161;2023-05-30;Azteca;3,13716048993131;-1,17093071981193;15,2971;3,7155;356116,540382048;11,5816
162;2023-06-30;Azteca;4,25820059324073;-0,695984429638633;15,539;3,7597;354603,589179229;11,7793
163;2023-07-30;Azteca;4,73096910899734;-1,01583755810768;15,6423;3,8658;353847,808119614;11,7765
164;2023-08-30;Azteca;6,86664907421983;0,0614750474334791;15,7516;3,9045;356416,541034821;11,8471
165;2023-09-30;Azteca;6,10500477537043;-0,906756202466222;15,9513;3,963;359108,185513356;11,988299999999999
166;2023-10-30;Azteca;2,22598696435618;-0,682307691141691;15,9116;3,9019;359937,811494317;12,0097
167;2023-11-30;Azteca;3,7259726579197;0,701153437700412;15,876;3,7447;357828,458321504;12,1313
168;2023-12-30;Azteca;3,13877862758232;-0,945679280085103;15,8642;3,5484;357746,005812666;12,3158
169;2024-01-30;Azteca;3,31727194467881;1,83097461976354;15,8087;3,4516;355455,149034539;12,357099999999999
170;2024-02-30;Azteca;4,15508626384217;3,16241000807473;15,7303;3,3383;351565,53394342;12,392
171;2024-03-30;Azteca;4,6610264114074;-0,409690120959002;15,76;3,2448;353331,905670393;12,5152
172;2024-04-30;Azteca;5,29072288268828;5,52986981371346;15,734;3,1577;356241,641699629;12,5763
173;2024-05-30;Azteca;7,06;5,70691310837814;15,7542;3,0468;357552,518811107;12,7074
174;2024-06-30;Azteca;4,74;0,370585322038706;15,6527;2,9473;366420,50177239;12,7054
175;2024-07-30;Azteca;5,24277093881337;4,85868197288225;15,081;2,7852;364559,672342253;12,2958
176;2024-08-30;Azteca;3,94155830445274;3,97028100948149;14,9261;2,6448;366002,017201794;12,2813
177;2024-09-30;Azteca;4,08676582607191;3,49053235679599;14,7177;2,6053;361085,629076086;12,112400000000001
178;2024-10-30;Azteca;4,20356542531577;3,83110341773776;14,7445;2,561;357635,416378008;12,1835
179;2024-11-30;Azteca;4,45;4,38200682962149;14,781;2,5237;357014,157664061;12,2573
180;2024-12-30;Azteca;4,37;5,06622215564914;14,8781;2,42;357677,259424096;12,4581
181;2025-01-30;Azteca;4,32;4,40268408625997;14,9906;2,3587;354760,01862769;12,631900000000002
182;2025-02-30;Azteca;3,73;2,83135361395376;14,9064;2,3507;355585,444264296;12,5557
183;2025-03-30;Azteca;3,52;4,77444217851402;14,7668;2,3426;360539,211660019;12,424199999999999
184;2025-04-30;Azteca;3,48;1,29967380625761;14,9607;2,2863;363066,00391258;12,674399999999999
185;2025-05-30;Azteca;3,59;2,02240324884952;14,9519;2,2671;366803,283034096;12,6848
186;2025-06-30;Azteca;3,85;4,94005155999517;14,9807;2,2737;366620,72027072;12,707
187;2025-07-30;Azteca;3,8;3,55064175415287;15,0445;2,1616;372582,021288069;12,8829
188;2025-08-30;Azteca;3,78;3,16499600945614;15,149;2,1348;373750,315649748;13,014199999999999
189;2025-09-30;Azteca;3,33;4,39260049012083;15,3507;2,1383;373053,47833963;13,212399999999999
190;2025-10-30;Azteca;3,71;4,17632153639052;15,5555;2,12;372064,590718533;13,435500000000001
191;2025-11-30;Azteca;2,99;1,58920236608024;15,7477;2,0993;378114,510368936;13,6484
192;2025-12-30;Azteca;3,27;4,14063348002019;15,8871;1,9771;383542,1016983;13,91
193;2010-01-30;BCP;-0,891121404533431;3,09973872260936;19,97548;1,444581;91470,2482158548;18,530899
194;2010-02-30;BCP;-0,844230749038658;5,09543709179996;19,76036;1,39174;92459,18782068;18,36862
195;2010-03-30;BCP;-0,822452195948367;8,13674194381058;19,48806;1,35968;94126,3081121465;18,12838
196;2010-04-30;BCP;-0,754051613273807;7,9722443788201;19,39367;1,29767;95946,0098819624;18,096
197;2010-05-30;BCP;-0,703301635163691;7,53505209738022;19,17935;1,33258;97873,2306796958;17,84677
198;2010-06-30;BCP;-0,736369154124553;12,8277818078601;19,124;1,38977;99082,4339075997;17,73423
199;2010-07-30;BCP;-0,812876407051897;9,91181998600019;18,205;1,4506;100791,651839417;16,754399999999997
200;2010-08-30;BCP;-0,817117290069602;8,72290742396025;18,0813;1,6216;99774,2127051353;16,459699999999998
201;2010-09-30;BCP;-0,910379897503732;10,06527640767;18,3447;1,748;99406,3336637612;16,5967
202;2010-10-30;BCP;-0,836961073885808;9,42619659579032;18,7145;1,839;100541,496064182;16,875500000000002
203;2010-11-30;BCP;-0,855502150937989;8,83483102372992;18,718;1,842;103422,060777227;16,876
204;2010-12-30;BCP;-0,859172021070372;7,81210224176022;18,733;1,802;104896,071719061;16,931
205;2011-01-30;BCP;-0,848759954822148;9,56527024911006;18,679;1,865;105702,78900746;16,814
206;2011-02-30;BCP;-0,830648250805593;8,05783062817041;18,58;1,989;107403,07598927;16,590999999999998
207;2011-03-30;BCP;-0,803976538772843;7,68532243598949;18,6542;2,0394;110860,9531216;16,6148
208;2011-04-30;BCP;-0,844412893213624;7,42563488842943;18,512;2,0897;114610,68941318;16,4223
209;2011-05-30;BCP;-0,820122259867186;5,54189993776013;18,4926;2,3042;117469,44059454;16,1884
210;2011-06-30;BCP;-0,82086695508245;2,98103131605997;18,581;2,477;118641,26299725;16,104
211;2011-07-30;BCP;-0,810899931261789;6,06507053676931;18,54;2,4761;120036,9824773;16,0639
212;2011-08-30;BCP;-0,777409728598001;6,48080840764941;18,659;2,5197;120983,04623169;16,1393
213;2011-09-30;BCP;-0,786579192381091;4,90474354881041;18,717;2,5533;122529,13554308;16,1637
214;2011-10-30;BCP;-0,753102249313648;4,45651581325019;19,0103;2,5842;123168,52310561;16,4261
215;2011-11-30;BCP;-0,820845767795967;4,74225301367989;18,849;2,5703;124573,8061602;16,2787
216;2011-12-30;BCP;-0,872934342431713;8,66690720500048;18,861;2,4681;127594,4615945;16,3929
217;2012-01-30;BCP;-0,874843151697606;5,45154968600407;19,0294;2,4645;128619,250751001;16,564899999999998
218;2012-02-30;BCP;-0,845896848274127;7,05454218784318;18,7579;2,5004;128618,768754377;16,2575
219;2012-03-30;BCP;-0,82657029443571;5,85691316374118;19,0135;2,5203;130336,955932312;16,4932
220;2012-04-30;BCP;-0,881015641145706;3,19711552540307;19,2147;2,4393;131099,764668099;16,7754
221;2012-05-30;BCP;-0,862990729595395;6,9171164679619;19,341;2,4561;135396,412392417;16,884900000000002
222;2012-06-30;BCP;-0,841040247745843;7,53631288857866;19,6167;2,4757;136587,360127535;17,141000000000002
223;2012-07-30;BCP;-0,829738615609683;7,25261754336291;19,469;2,4835;137632,713477335;16,985500000000002
224;2012-08-30;BCP;-0,794181756753123;7,06201511835402;19,4068;2,4274;138742,833903589;16,979400000000002
225;2012-09-30;BCP;-0,841694415834358;6,74548019154057;19,3003;2,4527;140098,644280677;16,8476
226;2012-10-30;BCP;-0,791971325568665;7,41634436032168;19,3323;2,4474;140619,089445488;16,884900000000002
227;2012-11-30;BCP;-0,800529535054726;6,06180649649839;19,2763;2,4423;141971,486761694;16,834
228;2012-12-30;BCP;-0,774055917659662;3,42503686357549;19,085;2,37;143381,752445136;16,715
229;2013-01-30;BCP;-0,823763416174999;6,45527800965146;19,4116;2,3774;143924,213626111;17,0342
230;2013-02-30;BCP;-0,791009419659063;5,08612805742209;19,27;2,3671;144967,892788439;16,9029
231;2013-03-30;BCP;-0,705047713905144;3,50645360666613;19,0781;2,2871;146983,042569046;16,791
232;2013-04-30;BCP;-0,721852128076544;8,82067463968362;19,0897;2,309;149588,04782395;16,7807
233;2013-05-30;BCP;-0,685651569523513;4,26285716421081;18,9452;2,3039;153200,527471291;16,6413
234;2013-06-30;BCP;-0,70111198302963;5,85480037508544;18,8077;2,3187;157619,942045018;16,489
235;2013-07-30;BCP;-0,682807422553343;5,31159859188824;18,4748;2,3271;159868,223628347;16,147699999999997
236;2013-08-30;BCP;-0,655480624778085;5,50543308658207;18,1187;2,3158;163789,801182292;15,802900000000001
237;2013-09-30;BCP;-0,666132011562637;4,86322588723548;17,5843;2,3467;164610,589487021;15,237599999999999
238;2013-10-30;BCP;-0,63633948061979;6,2085695594993;16,6471;2,3432;166348,164810084;14,303899999999999
239;2013-11-30;BCP;-0,626317717298299;7,28241158278986;16,3673;2,3327;170158,401818378;14,034600000000001
240;2013-12-30;BCP;-0,53353860530648;7,03298792251822;15,8765;2,2697;171751,523064292;13,6068
241;2014-01-30;BCP;-0,565526561962886;4,22779553969517;15,9881;2,2552;172329,943011801;13,732899999999999
242;2014-02-30;BCP;-0,564573060439036;5,20778584573871;15,8071;2,2636;173515,547867492;13,5435
243;2014-03-30;BCP;-0,496468941311168;5,41175050657321;15,6132;2,2732;175851,686060143;13,34
244;2014-04-30;BCP;-0,526732884645178;2,9227670766698;15,5293;2,2957;177923,043139245;13,2336
245;2014-05-30;BCP;-0,504859988058338;2,59010248818859;15,6132;2,3419;179043,133266155;13,2713
246;2014-06-30;BCP;-0,518843136722116;0,377809386320063;16,0437;2,403;182625,504765777;13,6407
247;2014-07-30;BCP;-0,522139780183955;1,44969443766443;15,9294;2,3829;183850,862135435;13,5465
248;2014-08-30;BCP;-0,56092065765085;1,35321229346922;15,8752;2,3319;185421,418434124;13,543299999999999
249;2014-09-30;BCP;-0,532091738107202;2,67337539829948;15,689;2,324;187783,967748193;13,365
250;2014-10-30;BCP;-0,397996347092841;2,27379963938056;15,5535;2,3087;190413,12089967;13,2448
251;2014-11-30;BCP;-0,472000261959842;0,157929164213429;15,6087;2,2923;192240,760977915;13,316400000000002
252;2014-12-30;BCP;-0,398460296470839;0,794857324711063;15,6694;2,2739;194937,779817565;13,3955
253;2015-01-30;BCP;-0,486942027971864;1,56136027088578;16,1668;2,2448;197122,269584258;13,921999999999999
254;2015-02-30;BCP;-0,420023221949559;1,23388958685352;15,9979;2,22;198325,232429746;13,777899999999999
255;2015-03-30;BCP;-0,471042064279467;2,93665474858232;16,0777;2,2281;202798,239654182;13,8496
256;2015-04-30;BCP;-0,444907826216804;4,19795086562356;15,9223333333333;2,21466666666667;206559,06471937;13,707666666666631
257;2015-05-30;BCP;-0,418952941912627;1,28310541124468;16,0042;2,2732;209835,686276021;13,731000000000002
258;2015-06-30;BCP;-0,419952094890498;4,0852915674958;16,1823;2,2477;210598,22149881;13,934600000000001
259;2015-07-30;BCP;-0,419560645993112;3,60261789062785;16,1542;2,2132;212490,570574082;13,940999999999999
260;2015-08-30;BCP;-0,420644815187719;2,66923547239152;16,2516;2,2558;216960,582850091;13,9958
261;2015-09-30;BCP;-0,450774045015029;3,1878615346694;16,0927;2,365;219330,718134439;13,7277
262;2015-10-30;BCP;-0,406638753971007;3,27340498190499;16,2439;2,37870967741936;221930,655338288;13,86519032258064
263;2015-11-30;BCP;-0,311245554737745;3,9419272426407;16,083;2,424;225923,716490611;13,658999999999999
264;2015-12-30;BCP;-0,535107465367619;6,50665717154398;16,0933;2,4073;225466,907267483;13,686
265;2016-01-30;BCP;-0,450837360217467;3,54102729192158;16,2358;2,4981;227274,63900488;13,7377
266;2016-02-30;BCP;-0,420023221949559;6,42433385603047;16,1293;2,57;229411,005103949;13,5593
267;2016-03-30;BCP;-0,456840993699895;3,54940732384805;16,0516;2,6139;226870,296620517;13,4377
268;2016-04-30;BCP;-0,381104021136367;2,76647916648216;15,9873;2,6137;227683,365987705;13,3736
269;2016-05-30;BCP;-0,360738484803665;4,87350380260541;16,0206;2,7061;228232,064959727;13,314500000000002
270;2016-06-30;BCP;-0,36952209913026;3,57853940223563;16,2;2,6457;228166,448775348;13,5543
271;2016-07-30;BCP;-0,391949834919349;3,58058848604883;16,3787;2,7039;231427,70755541;13,674799999999998
272;2016-08-30;BCP;-0,364296122916894;5,77374525795702;16,4984;2,7113;232269,69808908;13,7871
273;2016-09-30;BCP;-0,39808288101337;4,50899026825206;16,8447;2,705;233147,0156;14,1397
274;2016-10-30;BCP;-0,361587983233246;2,18073554688548;17,0642;2,7081;232223,63659347;14,3561
275;2016-11-30;BCP;-0,434037701980005;3,51819707926029;17,0273;2,6703;234678,355714603;14,357
276;2016-12-30;BCP;-0,535107465367619;3,47941209391209;17,1565;2,6303;234802,958740691;14,526200000000001
277;2017-01-30;BCP;-0,394900704429149;5,01618303367953;17,7387;2,7;231878,155603592;15,038700000000002
278;2017-02-30;BCP;-0,285400246256056;0,787434462023569;17,0679;2,7339;232033,630864814;14,334000000000001
279;2017-03-30;BCP;-0,271941440299213;1,16379585033846;16,9577;2,7077;231483,69539101;14,25
280;2017-04-30;BCP;-0,351826303688582;0,312176167669932;16,844;2,7083;231732,418459482;14,135700000000002
281;2017-05-30;BCP;-0,371624109414247;3,6584833367899;16,7794;2,7294;233202,820744494;14,049999999999999
282;2017-06-30;BCP;-0,383545019783098;3,97016280935115;17,084;2,7223;233091,202663926;14,361699999999999
283;2017-07-30;BCP;-0,370742962202093;2,23023573365417;17,0961;2,6939;234586,259024844;14,4022
284;2017-08-30;BCP;-0,310117884779728;2,8604754231328;16,9332;2,6571;235217,013544844;14,2761
285;2017-09-30;BCP;-0,246288423852087;3,35308282776933;16,6457;2,596;237583,524436263;14,049700000000001
286;2017-10-30;BCP;-0,243889745826828;3,60973198180482;16,4035;2,5858;238533,98464101;13,817700000000002
287;2017-11-30;BCP;-0,168259144909677;2,03212270846349;16,1023;2,5397;241891,656214012;13,5626
288;2017-12-30;BCP;-0,210146860318718;1,41887025613422;15,7974;2,461;243367,009744844;13,3364
289;2018-01-30;BCP;3,01964788301121;2,87233496226407;15,8884;2,4206;242941,760741095;13,4678
290;2018-02-30;BCP;3,2544448551591;2,71425300120006;15,6932;2,3446;245334,86868;13,3486
291;2018-03-30;BCP;2,90771079339118;3,8814633366802;15,1135;2,2861;246351,202016148;12,8274
292;2018-04-30;BCP;2,9113585172126;8,084233111352;14,347;2,2337;249116,793695291;12,113299999999999
293;2018-05-30;BCP;2,93513637585759;6,70725904443513;14,0677;2,1994;252163,211933841;11,868300000000001
294;2018-06-30;BCP;2,94051972017056;2,07181626049809;14,0947;2,26;253301,933239413;11,8347
295;2018-07-30;BCP;2,98301822777371;2,60707391223498;14,0626;2,2606;254421,797173841;11,802
296;2018-08-30;BCP;2,96037046531253;2,32022079624739;14,2242;2,2616;256503,807181553;11,9626
297;2018-09-30;BCP;2,94058294705945;2,39025390732122;14,302;2,2863;258816,6135;12,015699999999999
298;2018-10-30;BCP;2,90904589300396;4,08424499495933;14,1619;2,3381;262213,119146969;11,823799999999999
299;2018-11-30;BCP;2,8406444136905;5,05984750171066;14,2185;2,353;264496,08236;11,8655
300;2018-12-30;BCP;2,68839142585424;4,70875013950894;14,2958;2,3594;267601,59422432;11,936399999999999
301;2019-01-30;BCP;2,82535510247101;1,68204536506575;14,321;2,4245;265517,052688956;11,8965
302;2019-02-30;BCP;2,78612580935853;2,08192064619262;14,3586;2,4704;264617,017414623;11,8882
303;2019-03-30;BCP;2,76028451644395;3,38565671233177;14,4926;2,4184;268155,642070597;12,0742
304;2019-04-30;BCP;2,86168601576149;-0,00370655104660235;14,509;2,4783;268798,917735074;12,0307
305;2019-05-30;BCP;2,87701369508247;0,689357311198934;14,4781;2,4839;272208,722555459;11,9942
306;2019-06-30;BCP;2,90003042664196;2,8184051537171;14,589;2,4923;272167,815575488;12,0967
307;2019-07-30;BCP;2,94194749257865;3,93022450861361;14,501;2,4655;274252,564675074;12,035499999999999
308;2019-08-30;BCP;2,8798312003497;3,71508023590506;14,4355;2,4068;278775,3476757;12,028699999999999
309;2019-09-30;BCP;2,85562571928608;2,53124314155433;14,4193;2,3203;279218,395525627;12,099
310;2019-10-30;BCP;2,79284391459745;2,70764198774884;14,2445;2,2823;282695,597197098;11,9622
311;2019-11-30;BCP;2,73411702707367;2,31063247935892;14,192;2,266;285104,147780919;11,926
312;2019-12-30;BCP;2,73551319981566;1,2406739415473;14,0848;2,1952;283417,612610272;11,8896
313;2020-01-30;BCP;2,83939243992028;3,30328579210706;14,351;2,1571;284480,616991903;12,193900000000001
314;2020-02-30;BCP;2,73773110872411;4,57990369607169;14,2166;2,1403;287509,080545274;12,0763
315;2020-03-30;BCP;2,84032206494456;-17,6060068593198;14,0555;2,0994;292520,521325249;11,9561
316;2020-04-30;BCP;2,95053139213841;-39,276985716532;13,3643;1,9517;294981,865972206;11,4126
317;2020-05-30;BCP;2,56616537919383;-32,727246502532;12,7823;1,7423;317901,940662927;11,04
318;2020-06-30;BCP;2,69640003075192;-18,1034455760272;12,4427;1,4927;323619,763992646;10,950000000000001
319;2020-07-30;BCP;2,73936612182671;-11,0192247908879;12,2887;1,3048;328728,354384708;10,9839
320;2020-08-30;BCP;2,82363161407169;-9,1655146146572;12,3435;1,1994;330282,552725012;11,1441
321;2020-09-30;BCP;2,9105366810215;-5,86720943430298;12,4423;1,1513;329715,208692015;11,291
322;2020-10-30;BCP;3,07254972889106;-3,25483448382076;12,4984;1,1065;329466,619187729;11,3919
323;2020-11-30;BCP;3,2229472215706;-2,10701610176808;12,3737;1,0603;330898,145004204;11,3134
324;2020-12-30;BCP;3,22691557805462;1,03032310851424;12,101;1,01;330497,714999158;11,091000000000001
325;2021-01-30;BCP;3,12979298857089;-0,997341320021622;12,0323;0,9526;322545,157791186;11,079699999999999
326;2021-02-30;BCP;3,12294044012264;-3,82132610746839;11,8846;0,9139;325538,713886489;10,9707
327;2021-03-30;BCP;3,10365816932013;19,8682137808316;11,1365;0,8919;330091,565388301;10,2446
328;2021-04-30;BCP;2,96765836026746;59,8947623291564;11,0793;0,8914;334027,12164637;10,187899999999999
329;2021-05-30;BCP;2,99152816865069;48,5993221115384;10,8042;0,8623;339745,11524814;9,9419
330;2021-06-30;BCP;3,13584944612464;23,4110933239464;10,683;0,819;346308,316824556;9,864
331;2021-07-30;BCP;3,28067268698582;13,3172829771082;10,6816;0,7865;356316,82537433;9,8951
332;2021-08-30;BCP;3,36203576233873;12,0115996029552;10,6861;0,7632;352728,81126038;9,9229
333;2021-09-30;BCP;3,52483272482349;10,0310469174935;10,4913;0,7803;353224,181395059;9,711
334;2021-10-30;BCP;3,66868905474841;4,76941227826566;10,5577;0,8197;348531,963698612;9,738000000000001
335;2021-11-30;BCP;3,86887769946923;3,75939452387283;10,7307;0,9177;351524,562791852;9,813
336;2021-12-30;BCP;3,77426759117427;2,03857895343596;10,9868;1,0332;351547,028702497;9,953600000000002
337;2022-01-30;BCP;3,93336215133846;3,07233820894321;11,1277;1,1216;347860,89644456;10,0061
338;2022-02-30;BCP;3,94286345583874;4,84817141819692;11,2939;1,3082;349410,614110348;9,985700000000001
339;2022-03-30;BCP;3,96807500178133;3,90609081039353;11,5168;1,4668;352219,544574875;10,05
340;2022-04-30;BCP;3,94902846372905;4,05956735448008;11,8497;1,5737;356360,952277521;10,276
341;2022-05-30;BCP;4,0448479558035;2,55561245088643;12,1248;1,8519;355562,181344763;10,2729
342;2022-06-30;BCP;4,03754469622691;3,73340672963062;12,4933;2,0823;361021,846173373;10,411
343;2022-07-30;BCP;3,91279216423081;1,99929995548116;12,6616;2,2897;369690,15928018;10,3719
344;2022-08-30;BCP;4,02531221662768;2,00923450710866;12,9406;2,4726;366647,946617273;10,468
345;2022-09-30;BCP;4,09755340467328;2,1575485636082;13,3757;2,6123;369424,002927107;10,7634
346;2022-10-30;BCP;4,08091763100764;2,60004901094656;13,5935;2,7542;366395,936714041;10,839300000000001
347;2022-11-30;BCP;4,120057093992;2,19611119378252;13,926;2,9257;362694,817549764;11,0003
348;2022-12-30;BCP;4,01277754006778;1,28549481803624;14,2635;2,9706;359700,887677788;11,2929
349;2023-01-30;BCP;4,06632022579414;-0,57827332938386;14,4623;3,1671;358160,728410833;11,295200000000001
350;2023-02-30;BCP;4,10513741626022;-0,349595705654184;14,7364;3,3196;355361,513441952;11,4168
351;2023-03-30;BCP;4,04465064530843;0,832314576504402;14,8803;3,4381;358265,32925923;11,4422
352;2023-04-30;BCP;4,07773875248591;0,691224584296832;15,1693;3,5837;357840,458055733;11,5856
353;2023-05-30;BCP;4,15845455451705;-1,17093071981193;15,2971;3,7155;356116,540382048;11,5816
354;2023-06-30;BCP;4,15741433147574;-0,695984429638633;15,539;3,7597;354603,589179229;11,7793
355;2023-07-30;BCP;4,24299588056686;-1,01583755810768;15,6423;3,8658;353847,808119614;11,7765
356;2023-08-30;BCP;4,38547706055705;0,0614750474334791;15,7516;3,9045;356416,541034821;11,8471
357;2023-09-30;BCP;4,46972521939366;-0,906756202466222;15,9513;3,963;359108,185513356;11,988299999999999
358;2023-10-30;BCP;4,54386491597328;-0,682307691141691;15,9116;3,9019;359937,811494317;12,0097
359;2023-11-30;BCP;4,42148166757656;0,701153437700412;15,876;3,7447;357828,458321504;12,1313
360;2023-12-30;BCP;4,24435492333915;-0,945679280085103;15,8642;3,5484;357746,005812666;12,3158
361;2024-01-30;BCP;4,38308891745964;1,83097461976354;15,8087;3,4516;355455,149034539;12,357099999999999
362;2024-02-30;BCP;4,26641182685849;3,16241000807473;15,7303;3,3383;351565,53394342;12,392
363;2024-03-30;BCP;4,40588980770424;-0,409690120959002;15,76;3,2448;353331,905670393;12,5152
364;2024-04-30;BCP;4,18467434883283;5,52986981371346;15,734;3,1577;356241,641699629;12,5763
365;2024-05-30;BCP;4,17;5,70691310837814;15,7542;3,0468;357552,518811107;12,7074
366;2024-06-30;BCP;4,13;0,370585322038706;15,6527;2,9473;366420,50177239;12,7054
367;2024-07-30;BCP;4,27357162640521;4,85868197288225;15,081;2,7852;364559,672342253;12,2958
368;2024-08-30;BCP;4,2177729436113;3,97028100948149;14,9261;2,6448;366002,017201794;12,2813
369;2024-09-30;BCP;4,15144185491528;3,49053235679599;14,7177;2,6053;361085,629076086;12,112400000000001
370;2024-10-30;BCP;4,03115277565759;3,83110341773776;14,7445;2,561;357635,416378008;12,1835
371;2024-11-30;BCP;3,77;4,38200682962149;14,781;2,5237;357014,157664061;12,2573
372;2024-12-30;BCP;3,59;5,06622215564914;14,8781;2,42;357677,259424096;12,4581
373;2025-01-30;BCP;3,53;4,40268408625997;14,9906;2,3587;354760,01862769;12,631900000000002
374;2025-02-30;BCP;3,42;2,83135361395376;14,9064;2,3507;355585,444264296;12,5557
375;2025-03-30;BCP;3,58;4,77444217851402;14,7668;2,3426;360539,211660019;12,424199999999999
376;2025-04-30;BCP;3,5;1,29967380625761;14,9607;2,2863;363066,00391258;12,674399999999999
377;2025-05-30;BCP;3,49;2,02240324884952;14,9519;2,2671;366803,283034096;12,6848
378;2025-06-30;BCP;3,47;4,94005155999517;14,9807;2,2737;366620,72027072;12,707
379;2025-07-30;BCP;3,47;3,55064175415287;15,0445;2,1616;372582,021288069;12,8829
380;2025-08-30;BCP;3,4;3,16499600945614;15,149;2,1348;373750,315649748;13,014199999999999
381;2025-09-30;BCP;3,35;4,39260049012083;15,3507;2,1383;373053,47833963;13,212399999999999
382;2025-10-30;BCP;3,31;4,17632153639052;15,5555;2,12;372064,590718533;13,435500000000001
383;2025-11-30;BCP;3,25;1,58920236608024;15,7477;2,0993;378114,510368936;13,6484
384;2025-12-30;BCP;3,15;4,14063348002019;15,8871;1,9771;383542,1016983;13,91
385;2010-01-30;BanBif;-0,624217949029669;3,09973872260936;19,97548;1,444581;91470,2482158548;18,530899
386;2010-02-30;BanBif;-0,593367832718615;5,09543709179996;19,76036;1,39174;92459,18782068;18,36862
387;2010-03-30;BanBif;0,223375972846349;8,13674194381058;19,48806;1,35968;94126,3081121465;18,12838
388;2010-04-30;BanBif;0,109628904615444;7,9722443788201;19,39367;1,29767;95946,0098819624;18,096
389;2010-05-30;BanBif;0,302848568183746;7,53505209738022;19,17935;1,33258;97873,2306796958;17,84677
390;2010-06-30;BanBif;0,240553046828114;12,8277818078601;19,124;1,38977;99082,4339075997;17,73423
391;2010-07-30;BanBif;0,0921863928734655;9,91181998600019;18,205;1,4506;100791,651839417;16,754399999999997
392;2010-08-30;BanBif;0,417813401776244;8,72290742396025;18,0813;1,6216;99774,2127051353;16,459699999999998
393;2010-09-30;BanBif;0,346544511100995;10,06527640767;18,3447;1,748;99406,3336637612;16,5967
394;2010-10-30;BanBif;0,252441797825235;9,42619659579032;18,7145;1,839;100541,496064182;16,875500000000002
395;2010-11-30;BanBif;0,177543713601148;8,83483102372992;18,718;1,842;103422,060777227;16,876
396;2010-12-30;BanBif;-0,0884569017259834;7,81210224176022;18,733;1,802;104896,071719061;16,931
397;2011-01-30;BanBif;-0,0794187975191138;9,56527024911006;18,679;1,865;105702,78900746;16,814
398;2011-02-30;BanBif;-0,130999594357804;8,05783062817041;18,58;1,989;107403,07598927;16,590999999999998
399;2011-03-30;BanBif;-0,174645012109427;7,68532243598949;18,6542;2,0394;110860,9531216;16,6148
400;2011-04-30;BanBif;-0,1602486408275;7,42563488842943;18,512;2,0897;114610,68941318;16,4223
401;2011-05-30;BanBif;-0,242560812659972;5,54189993776013;18,4926;2,3042;117469,44059454;16,1884
402;2011-06-30;BanBif;-0,263768455638471;2,98103131605997;18,581;2,477;118641,26299725;16,104
403;2011-07-30;BanBif;-0,297453914839852;6,06507053676931;18,54;2,4761;120036,9824773;16,0639
404;2011-08-30;BanBif;-0,313619583958563;6,48080840764941;18,659;2,5197;120983,04623169;16,1393
405;2011-09-30;BanBif;-0,417950421181543;4,90474354881041;18,717;2,5533;122529,13554308;16,1637
406;2011-10-30;BanBif;-0,457858353617236;4,45651581325019;19,0103;2,5842;123168,52310561;16,4261
407;2011-11-30;BanBif;-0,403966115637536;4,74225301367989;18,849;2,5703;124573,8061602;16,2787
408;2011-12-30;BanBif;-0,428043722153386;8,66690720500048;18,861;2,4681;127594,4615945;16,3929
409;2012-01-30;BanBif;-0,293013530553142;5,45154968600407;19,0294;2,4645;128619,250751001;16,564899999999998
410;2012-02-30;BanBif;-0,398712197031341;7,05454218784318;18,7579;2,5004;128618,768754377;16,2575
411;2012-03-30;BanBif;-0,508736405970673;5,85691316374118;19,0135;2,5203;130336,955932312;16,4932
412;2012-04-30;BanBif;-0,5303572160841;3,19711552540307;19,2147;2,4393;131099,764668099;16,7754
413;2012-05-30;BanBif;-0,475541165509988;6,9171164679619;19,341;2,4561;135396,412392417;16,884900000000002
414;2012-06-30;BanBif;-0,517864387623716;7,53631288857866;19,6167;2,4757;136587,360127535;17,141000000000002
415;2012-07-30;BanBif;-0,338976509869201;7,25261754336291;19,469;2,4835;137632,713477335;16,985500000000002
416;2012-08-30;BanBif;-0,638116818894356;7,06201511835402;19,4068;2,4274;138742,833903589;16,979400000000002
417;2012-09-30;BanBif;-0,568089562171724;6,74548019154057;19,3003;2,4527;140098,644280677;16,8476
418;2012-10-30;BanBif;-0,56809096837892;7,41634436032168;19,3323;2,4474;140619,089445488;16,884900000000002
419;2012-11-30;BanBif;-0,547365187843903;6,06180649649839;19,2763;2,4423;141971,486761694;16,834
420;2012-12-30;BanBif;-0,553795163058992;3,42503686357549;19,085;2,37;143381,752445136;16,715
421;2013-01-30;BanBif;-0,456936442196159;6,45527800965146;19,4116;2,3774;143924,213626111;17,0342
422;2013-02-30;BanBif;-0,517436040609379;5,08612805742209;19,27;2,3671;144967,892788439;16,9029
423;2013-03-30;BanBif;-0,4804089763754;3,50645360666613;19,0781;2,2871;146983,042569046;16,791
424;2013-04-30;BanBif;-0,424889033543171;8,82067463968362;19,0897;2,309;149588,04782395;16,7807
425;2013-05-30;BanBif;-0,390136785193591;4,26285716421081;18,9452;2,3039;153200,527471291;16,6413
426;2013-06-30;BanBif;-0,303743717310865;5,85480037508544;18,8077;2,3187;157619,942045018;16,489
427;2013-07-30;BanBif;-0,105838346498639;5,31159859188824;18,4748;2,3271;159868,223628347;16,147699999999997
428;2013-08-30;BanBif;-0,140780905907876;5,50543308658207;18,1187;2,3158;163789,801182292;15,802900000000001
429;2013-09-30;BanBif;-0,170793184083962;4,86322588723548;17,5843;2,3467;164610,589487021;15,237599999999999
430;2013-10-30;BanBif;-0,212019704840513;6,2085695594993;16,6471;2,3432;166348,164810084;14,303899999999999
431;2013-11-30;BanBif;-0,105094775530576;7,28241158278986;16,3673;2,3327;170158,401818378;14,034600000000001
432;2013-12-30;BanBif;0,0104458405232321;7,03298792251822;15,8765;2,2697;171751,523064292;13,6068
433;2014-01-30;BanBif;0,0118188953191802;4,22779553969517;15,9881;2,2552;172329,943011801;13,732899999999999
434;2014-02-30;BanBif;0,137280129701388;5,20778584573871;15,8071;2,2636;173515,547867492;13,5435
435;2014-03-30;BanBif;0,213756759219961;5,41175050657321;15,6132;2,2732;175851,686060143;13,34
436;2014-04-30;BanBif;0,391939003754039;2,9227670766698;15,5293;2,2957;177923,043139245;13,2336
437;2014-05-30;BanBif;0,341945515205676;2,59010248818859;15,6132;2,3419;179043,133266155;13,2713
438;2014-06-30;BanBif;0,352278947342076;0,377809386320063;16,0437;2,403;182625,504765777;13,6407
439;2014-07-30;BanBif;0,646550245675137;1,44969443766443;15,9294;2,3829;183850,862135435;13,5465
440;2014-08-30;BanBif;0,714900597459039;1,35321229346922;15,8752;2,3319;185421,418434124;13,543299999999999
441;2014-09-30;BanBif;0,813415577694069;2,67337539829948;15,689;2,324;187783,967748193;13,365
442;2014-10-30;BanBif;0,735638107369965;2,27379963938056;15,5535;2,3087;190413,12089967;13,2448
443;2014-11-30;BanBif;0,614543699311162;0,157929164213429;15,6087;2,2923;192240,760977915;13,316400000000002
444;2014-12-30;BanBif;0,566680983200609;0,794857324711063;15,6694;2,2739;194937,779817565;13,3955
445;2015-01-30;BanBif;0,332850281980134;1,56136027088578;16,1668;2,2448;197122,269584258;13,921999999999999
446;2015-02-30;BanBif;0,238431565776479;1,23388958685352;15,9979;2,22;198325,232429746;13,777899999999999
447;2015-03-30;BanBif;0,354297160815194;2,93665474858232;16,0777;2,2281;202798,239654182;13,8496
448;2015-04-30;BanBif;0,37817406867434;4,19795086562356;15,9223333333333;2,21466666666667;206559,06471937;13,707666666666631
449;2015-05-30;BanBif;0,298788564444284;1,28310541124468;16,0042;2,2732;209835,686276021;13,731000000000002
450;2015-06-30;BanBif;0,260492228917815;4,0852915674958;16,1823;2,2477;210598,22149881;13,934600000000001
451;2015-07-30;BanBif;0,315856346606753;3,60261789062785;16,1542;2,2132;212490,570574082;13,940999999999999
452;2015-08-30;BanBif;0,261777470425516;2,66923547239152;16,2516;2,2558;216960,582850091;13,9958
453;2015-09-30;BanBif;0,243897261885811;3,1878615346694;16,0927;2,365;219330,718134439;13,7277
454;2015-10-30;BanBif;0,183760996955697;3,27340498190499;16,2439;2,37870967741936;221930,655338288;13,86519032258064
455;2015-11-30;BanBif;0,267926098862857;3,9419272426407;16,083;2,424;225923,716490611;13,658999999999999
456;2015-12-30;BanBif;0,426345531870833;6,50665717154398;16,0933;2,4073;225466,907267483;13,686
457;2016-01-30;BanBif;0,0923763300965257;3,54102729192158;16,2358;2,4981;227274,63900488;13,7377
458;2016-02-30;BanBif;0,238431565776479;6,42433385603047;16,1293;2,57;229411,005103949;13,5593
459;2016-03-30;BanBif;0,117579724493183;3,54940732384805;16,0516;2,6139;226870,296620517;13,4377
460;2016-04-30;BanBif;0,312925882862922;2,76647916648216;15,9873;2,6137;227683,365987705;13,3736
461;2016-05-30;BanBif;0,37674046616541;4,87350380260541;16,0206;2,7061;228232,064959727;13,314500000000002
462;2016-06-30;BanBif;0,346862929943652;3,57853940223563;16,2;2,6457;228166,448775348;13,5543
463;2016-07-30;BanBif;0,259455093739879;3,58058848604883;16,3787;2,7039;231427,70755541;13,674799999999998
464;2016-08-30;BanBif;0,28082707442315;5,77374525795702;16,4984;2,7113;232269,69808908;13,7871
465;2016-09-30;BanBif;0,202579996566722;4,50899026825206;16,8447;2,705;233147,0156;14,1397
466;2016-10-30;BanBif;0,351203042764292;2,18073554688548;17,0642;2,7081;232223,63659347;14,3561
467;2016-11-30;BanBif;0,491891210083895;3,51819707926029;17,0273;2,6703;234678,355714603;14,357
468;2016-12-30;BanBif;0,426345531870833;3,47941209391209;17,1565;2,6303;234802,958740691;14,526200000000001
469;2017-01-30;BanBif;0,603230713107494;5,01618303367953;17,7387;2,7;231878,155603592;15,038700000000002
470;2017-02-30;BanBif;0,728178416953016;0,787434462023569;17,0679;2,7339;232033,630864814;14,334000000000001
471;2017-03-30;BanBif;0,631511501655985;1,16379585033846;16,9577;2,7077;231483,69539101;14,25
472;2017-04-30;BanBif;0,563538095865281;0,312176167669932;16,844;2,7083;231732,418459482;14,135700000000002
473;2017-05-30;BanBif;0,731213573776634;3,6584833367899;16,7794;2,7294;233202,820744494;14,049999999999999
474;2017-06-30;BanBif;0,717973315267299;3,97016280935115;17,084;2,7223;233091,202663926;14,361699999999999
475;2017-07-30;BanBif;0,626270122116517;2,23023573365417;17,0961;2,6939;234586,259024844;14,4022
476;2017-08-30;BanBif;0,479473142453809;2,8604754231328;16,9332;2,6571;235217,013544844;14,2761
477;2017-09-30;BanBif;0,515705948695879;3,35308282776933;16,6457;2,596;237583,524436263;14,049700000000001
478;2017-10-30;BanBif;0,495697874101631;3,60973198180482;16,4035;2,5858;238533,98464101;13,817700000000002
479;2017-11-30;BanBif;0,31536613501465;2,03212270846349;16,1023;2,5397;241891,656214012;13,5626
480;2017-12-30;BanBif;0,25396911156308;1,41887025613422;15,7974;2,461;243367,009744844;13,3364
481;2018-01-30;BanBif;3,19956593957451;2,87233496226407;15,8884;2,4206;242941,760741095;13,4678
482;2018-02-30;BanBif;3,22531549615637;2,71425300120006;15,6932;2,3446;245334,86868;13,3486
483;2018-03-30;BanBif;3,15911058454115;3,8814633366802;15,1135;2,2861;246351,202016148;12,8274
484;2018-04-30;BanBif;3,16616730643529;8,084233111352;14,347;2,2337;249116,793695291;12,113299999999999
485;2018-05-30;BanBif;3,06295370050246;6,70725904443513;14,0677;2,1994;252163,211933841;11,868300000000001
486;2018-06-30;BanBif;3,00638788534174;2,07181626049809;14,0947;2,26;253301,933239413;11,8347
487;2018-07-30;BanBif;3,11803700658335;2,60707391223498;14,0626;2,2606;254421,797173841;11,802
488;2018-08-30;BanBif;3,07531894951432;2,32022079624739;14,2242;2,2616;256503,807181553;11,9626
489;2018-09-30;BanBif;3,0712651930353;2,39025390732122;14,302;2,2863;258816,6135;12,015699999999999
490;2018-10-30;BanBif;3,16650472851582;4,08424499495933;14,1619;2,3381;262213,119146969;11,823799999999999
491;2018-11-30;BanBif;3,14549336079682;5,05984750171066;14,2185;2,353;264496,08236;11,8655
492;2018-12-30;BanBif;2,91886042514044;4,70875013950894;14,2958;2,3594;267601,59422432;11,936399999999999
493;2019-01-30;BanBif;3,02237445637565;1,68204536506575;14,321;2,4245;265517,052688956;11,8965
494;2019-02-30;BanBif;2,97971513450958;2,08192064619262;14,3586;2,4704;264617,017414623;11,8882
495;2019-03-30;BanBif;2,91535422971024;3,38565671233177;14,4926;2,4184;268155,642070597;12,0742
496;2019-04-30;BanBif;2,81385014547588;-0,00370655104660235;14,509;2,4783;268798,917735074;12,0307
497;2019-05-30;BanBif;2,93236775239511;0,689357311198934;14,4781;2,4839;272208,722555459;11,9942
498;2019-06-30;BanBif;2,90124841710262;2,8184051537171;14,589;2,4923;272167,815575488;12,0967
499;2019-07-30;BanBif;2,91350622281356;3,93022450861361;14,501;2,4655;274252,564675074;12,035499999999999
500;2019-08-30;BanBif;2,85399673395722;3,71508023590506;14,4355;2,4068;278775,3476757;12,028699999999999
501;2019-09-30;BanBif;2,84794161318448;2,53124314155433;14,4193;2,3203;279218,395525627;12,099
502;2019-10-30;BanBif;2,92481264019865;2,70764198774884;14,2445;2,2823;282695,597197098;11,9622
503;2019-11-30;BanBif;2,92155969974521;2,31063247935892;14,192;2,266;285104,147780919;11,926
504;2019-12-30;BanBif;2,86993837602738;1,2406739415473;14,0848;2,1952;283417,612610272;11,8896
505;2020-01-30;BanBif;2,75120112707914;3,30328579210706;14,351;2,1571;284480,616991903;12,193900000000001
506;2020-02-30;BanBif;2,79371660712106;4,57990369607169;14,2166;2,1403;287509,080545274;12,0763
507;2020-03-30;BanBif;2,42086488571386;-17,6060068593198;14,0555;2,0994;292520,521325249;11,9561
508;2020-04-30;BanBif;2,44398521591202;-39,276985716532;13,3643;1,9517;294981,865972206;11,4126
509;2020-05-30;BanBif;2,24571299811357;-32,727246502532;12,7823;1,7423;317901,940662927;11,04
510;2020-06-30;BanBif;2,31114008393819;-18,1034455760272;12,4427;1,4927;323619,763992646;10,950000000000001
511;2020-07-30;BanBif;2,31123064330654;-11,0192247908879;12,2887;1,3048;328728,354384708;10,9839
512;2020-08-30;BanBif;2,2983036432757;-9,1655146146572;12,3435;1,1994;330282,552725012;11,1441
513;2020-09-30;BanBif;2,56124453113733;-5,86720943430298;12,4423;1,1513;329715,208692015;11,291
514;2020-10-30;BanBif;2,85945634506838;-3,25483448382076;12,4984;1,1065;329466,619187729;11,3919
515;2020-11-30;BanBif;3,16826568124887;-2,10701610176808;12,3737;1,0603;330898,145004204;11,3134
516;2020-12-30;BanBif;3,18066968327344;1,03032310851424;12,101;1,01;330497,714999158;11,091000000000001
517;2021-01-30;BanBif;3,34879856791626;-0,997341320021622;12,0323;0,9526;322545,157791186;11,079699999999999
518;2021-02-30;BanBif;3,30493898932892;-3,82132610746839;11,8846;0,9139;325538,713886489;10,9707
519;2021-03-30;BanBif;3,21333940152973;19,8682137808316;11,1365;0,8919;330091,565388301;10,2446
520;2021-04-30;BanBif;3,05945732845917;59,8947623291564;11,0793;0,8914;334027,12164637;10,187899999999999
521;2021-05-30;BanBif;2,98765886340299;48,5993221115384;10,8042;0,8623;339745,11524814;9,9419
522;2021-06-30;BanBif;2,96980101308285;23,4110933239464;10,683;0,819;346308,316824556;9,864
523;2021-07-30;BanBif;2,94471944403977;13,3172829771082;10,6816;0,7865;356316,82537433;9,8951
524;2021-08-30;BanBif;3,15851640750395;12,0115996029552;10,6861;0,7632;352728,81126038;9,9229
525;2021-09-30;BanBif;3,03682549183183;10,0310469174935;10,4913;0,7803;353224,181395059;9,711
526;2021-10-30;BanBif;3,07833607483716;4,76941227826566;10,5577;0,8197;348531,963698612;9,738000000000001
527;2021-11-30;BanBif;3,12074107931978;3,75939452387283;10,7307;0,9177;351524,562791852;9,813
528;2021-12-30;BanBif;2,93592883968009;2,03857895343596;10,9868;1,0332;351547,028702497;9,953600000000002
529;2022-01-30;BanBif;3,2659470825537;3,07233820894321;11,1277;1,1216;347860,89644456;10,0061
530;2022-02-30;BanBif;3,50254627207561;4,84817141819692;11,2939;1,3082;349410,614110348;9,985700000000001
531;2022-03-30;BanBif;3,42896668301083;3,90609081039353;11,5168;1,4668;352219,544574875;10,05
532;2022-04-30;BanBif;3,45511281509082;4,05956735448008;11,8497;1,5737;356360,952277521;10,276
533;2022-05-30;BanBif;3,60775342890017;2,55561245088643;12,1248;1,8519;355562,181344763;10,2729
534;2022-06-30;BanBif;3,73166458390747;3,73340672963062;12,4933;2,0823;361021,846173373;10,411
535;2022-07-30;BanBif;3,67932161132954;1,99929995548116;12,6616;2,2897;369690,15928018;10,3719
536;2022-08-30;BanBif;3,59873395583454;2,00923450710866;12,9406;2,4726;366647,946617273;10,468
537;2022-09-30;BanBif;3,43295939998831;2,1575485636082;13,3757;2,6123;369424,002927107;10,7634
538;2022-10-30;BanBif;3,52475089999821;2,60004901094656;13,5935;2,7542;366395,936714041;10,839300000000001
539;2022-11-30;BanBif;3,46306130137748;2,19611119378252;13,926;2,9257;362694,817549764;11,0003
540;2022-12-30;BanBif;3,4449129839596;1,28549481803624;14,2635;2,9706;359700,887677788;11,2929
541;2023-01-30;BanBif;3,59049289955324;-0,57827332938386;14,4623;3,1671;358160,728410833;11,295200000000001
542;2023-02-30;BanBif;3,63536923074553;-0,349595705654184;14,7364;3,3196;355361,513441952;11,4168
543;2023-03-30;BanBif;3,57236769692202;0,832314576504402;14,8803;3,4381;358265,32925923;11,4422
544;2023-04-30;BanBif;3,69848945735854;0,691224584296832;15,1693;3,5837;357840,458055733;11,5856
545;2023-05-30;BanBif;3,83128605051405;-1,17093071981193;15,2971;3,7155;356116,540382048;11,5816
546;2023-06-30;BanBif;3,83413568655231;-0,695984429638633;15,539;3,7597;354603,589179229;11,7793
547;2023-07-30;BanBif;3,93388904207346;-1,01583755810768;15,6423;3,8658;353847,808119614;11,7765
548;2023-08-30;BanBif;3,56175583269065;0,0614750474334791;15,7516;3,9045;356416,541034821;11,8471
549;2023-09-30;BanBif;3,64027495495126;-0,906756202466222;15,9513;3,963;359108,185513356;11,988299999999999
550;2023-10-30;BanBif;3,66712678049394;-0,682307691141691;15,9116;3,9019;359937,811494317;12,0097
551;2023-11-30;BanBif;3,57141970811428;0,701153437700412;15,876;3,7447;357828,458321504;12,1313
552;2023-12-30;BanBif;3,51413441593622;-0,945679280085103;15,8642;3,5484;357746,005812666;12,3158
553;2024-01-30;BanBif;3,66691779175957;1,83097461976354;15,8087;3,4516;355455,149034539;12,357099999999999
554;2024-02-30;BanBif;3,96106815330168;3,16241000807473;15,7303;3,3383;351565,53394342;12,392
555;2024-03-30;BanBif;4,01706596779468;-0,409690120959002;15,76;3,2448;353331,905670393;12,5152
556;2024-04-30;BanBif;4,22730646234576;5,52986981371346;15,734;3,1577;356241,641699629;12,5763
557;2024-05-30;BanBif;4,26;5,70691310837814;15,7542;3,0468;357552,518811107;12,7074
558;2024-06-30;BanBif;4,28;0,370585322038706;15,6527;2,9473;366420,50177239;12,7054
559;2024-07-30;BanBif;4,20984382376119;4,85868197288225;15,081;2,7852;364559,672342253;12,2958
560;2024-08-30;BanBif;4,16341567974079;3,97028100948149;14,9261;2,6448;366002,017201794;12,2813
561;2024-09-30;BanBif;4,13260501970389;3,49053235679599;14,7177;2,6053;361085,629076086;12,112400000000001
562;2024-10-30;BanBif;4,1145052396015;3,83110341773776;14,7445;2,561;357635,416378008;12,1835
563;2024-11-30;BanBif;3,96;4,38200682962149;14,781;2,5237;357014,157664061;12,2573
564;2024-12-30;BanBif;3,84;5,06622215564914;14,8781;2,42;357677,259424096;12,4581
565;2025-01-30;BanBif;3,88;4,40268408625997;14,9906;2,3587;354760,01862769;12,631900000000002
566;2025-02-30;BanBif;3,98;2,83135361395376;14,9064;2,3507;355585,444264296;12,5557
567;2025-03-30;BanBif;3,92;4,77444217851402;14,7668;2,3426;360539,211660019;12,424199999999999
568;2025-04-30;BanBif;3,85;1,29967380625761;14,9607;2,2863;363066,00391258;12,674399999999999
569;2025-05-30;BanBif;3,78;2,02240324884952;14,9519;2,2671;366803,283034096;12,6848
570;2025-06-30;BanBif;3,52;4,94005155999517;14,9807;2,2737;366620,72027072;12,707
571;2025-07-30;BanBif;3,54;3,55064175415287;15,0445;2,1616;372582,021288069;12,8829
572;2025-08-30;BanBif;3,5;3,16499600945614;15,149;2,1348;373750,315649748;13,014199999999999
573;2025-09-30;BanBif;3,52;4,39260049012083;15,3507;2,1383;373053,47833963;13,212399999999999
574;2025-10-30;BanBif;3,54;4,17632153639052;15,5555;2,12;372064,590718533;13,435500000000001
575;2025-11-30;BanBif;3,47;1,58920236608024;15,7477;2,0993;378114,510368936;13,6484
576;2025-12-30;BanBif;3,49;4,14063348002019;15,8871;1,9771;383542,1016983;13,91
577;2010-01-30;Comercio;-0,108121566498752;3,09973872260936;19,97548;1,444581;91470,2482158548;18,530899
578;2010-02-30;Comercio;-0,408255286226807;5,09543709179996;19,76036;1,39174;92459,18782068;18,36862
579;2010-03-30;Comercio;-0,576492323645192;8,13674194381058;19,48806;1,35968;94126,3081121465;18,12838
580;2010-04-30;Comercio;-0,406547055447804;7,9722443788201;19,39367;1,29767;95946,0098819624;18,096
581;2010-05-30;Comercio;-0,497238654234177;7,53505209738022;19,17935;1,33258;97873,2306796958;17,84677
582;2010-06-30;Comercio;-0,578632735384161;12,8277818078601;19,124;1,38977;99082,4339075997;17,73423
583;2010-07-30;Comercio;-0,504281297807626;9,91181998600019;18,205;1,4506;100791,651839417;16,754399999999997
584;2010-08-30;Comercio;-0,489907173389939;8,72290742396025;18,0813;1,6216;99774,2127051353;16,459699999999998
585;2010-09-30;Comercio;-0,576023927392494;10,06527640767;18,3447;1,748;99406,3336637612;16,5967
586;2010-10-30;Comercio;-0,542034505472196;9,42619659579032;18,7145;1,839;100541,496064182;16,875500000000002
587;2010-11-30;Comercio;-0,509314628278277;8,83483102372992;18,718;1,842;103422,060777227;16,876
588;2010-12-30;Comercio;-0,722669613685215;7,81210224176022;18,733;1,802;104896,071719061;16,931
589;2011-01-30;Comercio;-0,713708616674458;9,56527024911006;18,679;1,865;105702,78900746;16,814
590;2011-02-30;Comercio;-0,958319441439911;8,05783062817041;18,58;1,989;107403,07598927;16,590999999999998
591;2011-03-30;Comercio;-1,0850025076415;7,68532243598949;18,6542;2,0394;110860,9531216;16,6148
592;2011-04-30;Comercio;-0,992065372089945;7,42563488842943;18,512;2,0897;114610,68941318;16,4223
593;2011-05-30;Comercio;-0,879299338365676;5,54189993776013;18,4926;2,3042;117469,44059454;16,1884
594;2011-06-30;Comercio;0,0874099328715808;2,98103131605997;18,581;2,477;118641,26299725;16,104
595;2011-07-30;Comercio;-0,763902964899881;6,06507053676931;18,54;2,4761;120036,9824773;16,0639
596;2011-08-30;Comercio;0,28812001607014;6,48080840764941;18,659;2,5197;120983,04623169;16,1393
597;2011-09-30;Comercio;0,39112148599062;4,90474354881041;18,717;2,5533;122529,13554308;16,1637
598;2011-10-30;Comercio;0,522219250630663;4,45651581325019;19,0103;2,5842;123168,52310561;16,4261
599;2011-11-30;Comercio;0,415874522790529;4,74225301367989;18,849;2,5703;124573,8061602;16,2787
600;2011-12-30;Comercio;0,772712025201485;8,66690720500048;18,861;2,4681;127594,4615945;16,3929
601;2012-01-30;Comercio;0,710431985209853;5,45154968600407;19,0294;2,4645;128619,250751001;16,564899999999998
602;2012-02-30;Comercio;0,615306330952844;7,05454218784318;18,7579;2,5004;128618,768754377;16,2575
603;2012-03-30;Comercio;0,596001718935291;5,85691316374118;19,0135;2,5203;130336,955932312;16,4932
604;2012-04-30;Comercio;0,533111330720587;3,19711552540307;19,2147;2,4393;131099,764668099;16,7754
605;2012-05-30;Comercio;0,516995727528791;6,9171164679619;19,341;2,4561;135396,412392417;16,884900000000002
606;2012-06-30;Comercio;0,722669844463438;7,53631288857866;19,6167;2,4757;136587,360127535;17,141000000000002
607;2012-07-30;Comercio;1,30512300643433;7,25261754336291;19,469;2,4835;137632,713477335;16,985500000000002
608;2012-08-30;Comercio;1,08090091225119;7,06201511835402;19,4068;2,4274;138742,833903589;16,979400000000002
609;2012-09-30;Comercio;0,0905947797764057;6,74548019154057;19,3003;2,4527;140098,644280677;16,8476
610;2012-10-30;Comercio;0,196191227819536;7,41634436032168;19,3323;2,4474;140619,089445488;16,884900000000002
611;2012-11-30;Comercio;0,0802415906200625;6,06180649649839;19,2763;2,4423;141971,486761694;16,834
612;2012-12-30;Comercio;-0,286113567881683;3,42503686357549;19,085;2,37;143381,752445136;16,715
613;2013-01-30;Comercio;-0,314543219327969;6,45527800965146;19,4116;2,3774;143924,213626111;17,0342
614;2013-02-30;Comercio;-0,568431270564886;5,08612805742209;19,27;2,3671;144967,892788439;16,9029
615;2013-03-30;Comercio;-1,02245877511793;3,50645360666613;19,0781;2,2871;146983,042569046;16,791
616;2013-04-30;Comercio;-1,10069987154279;8,82067463968362;19,0897;2,309;149588,04782395;16,7807
617;2013-05-30;Comercio;-1,04208332353575;4,26285716421081;18,9452;2,3039;153200,527471291;16,6413
618;2013-06-30;Comercio;-1,14834247537025;5,85480037508544;18,8077;2,3187;157619,942045018;16,489
619;2013-07-30;Comercio;-1,28511648894162;5,31159859188824;18,4748;2,3271;159868,223628347;16,147699999999997
620;2013-08-30;Comercio;-1,39754922256797;5,50543308658207;18,1187;2,3158;163789,801182292;15,802900000000001
621;2013-09-30;Comercio;-1,68718729524229;4,86322588723548;17,5843;2,3467;164610,589487021;15,237599999999999
622;2013-10-30;Comercio;-1,74245125385812;6,2085695594993;16,6471;2,3432;166348,164810084;14,303899999999999
623;2013-11-30;Comercio;-1,77126063978607;7,28241158278986;16,3673;2,3327;170158,401818378;14,034600000000001
624;2013-12-30;Comercio;-1,78217144175504;7,03298792251822;15,8765;2,2697;171751,523064292;13,6068
625;2014-01-30;Comercio;-1,68067722542025;4,22779553969517;15,9881;2,2552;172329,943011801;13,732899999999999
626;2014-02-30;Comercio;-1,56215515910055;5,20778584573871;15,8071;2,2636;173515,547867492;13,5435
627;2014-03-30;Comercio;-1,49131607032464;5,41175050657321;15,6132;2,2732;175851,686060143;13,34
628;2014-04-30;Comercio;-1,01904452294444;2,9227670766698;15,5293;2,2957;177923,043139245;13,2336
629;2014-05-30;Comercio;-0,841584892793677;2,59010248818859;15,6132;2,3419;179043,133266155;13,2713
630;2014-06-30;Comercio;-0,864494822720243;0,377809386320063;16,0437;2,403;182625,504765777;13,6407
631;2014-07-30;Comercio;-1,05166743971357;1,44969443766443;15,9294;2,3829;183850,862135435;13,5465
632;2014-08-30;Comercio;-0,838702991018683;1,35321229346922;15,8752;2,3319;185421,418434124;13,543299999999999
633;2014-09-30;Comercio;-0,799156001612642;2,67337539829948;15,689;2,324;187783,967748193;13,365
634;2014-10-30;Comercio;-1,0201660613095;2,27379963938056;15,5535;2,3087;190413,12089967;13,2448
635;2014-11-30;Comercio;0,540918950664719;0,157929164213429;15,6087;2,2923;192240,760977915;13,316400000000002
636;2014-12-30;Comercio;1,62622709165992;0,794857324711063;15,6694;2,2739;194937,779817565;13,3955
637;2015-01-30;Comercio;1,88868052989044;1,56136027088578;16,1668;2,2448;197122,269584258;13,921999999999999
638;2015-02-30;Comercio;-0,957704867249045;1,23388958685352;15,9979;2,22;198325,232429746;13,777899999999999
639;2015-03-30;Comercio;1,60998759544043;2,93665474858232;16,0777;2,2281;202798,239654182;13,8496
640;2015-04-30;Comercio;1,5013977253158;4,19795086562356;15,9223333333333;2,21466666666667;206559,06471937;13,707666666666631
641;2015-05-30;Comercio;1,58840546780523;1,28310541124468;16,0042;2,2732;209835,686276021;13,731000000000002
642;2015-06-30;Comercio;0,388440350214734;4,0852915674958;16,1823;2,2477;210598,22149881;13,934600000000001
643;2015-07-30;Comercio;0,373981268410662;3,60261789062785;16,1542;2,2132;212490,570574082;13,940999999999999
644;2015-08-30;Comercio;0,212284188600128;2,66923547239152;16,2516;2,2558;216960,582850091;13,9958
645;2015-09-30;Comercio;-0,169799656740873;3,1878615346694;16,0927;2,365;219330,718134439;13,7277
646;2015-10-30;Comercio;-0,49850840991981;3,27340498190499;16,2439;2,37870967741936;221930,655338288;13,86519032258064
647;2015-11-30;Comercio;-0,299806050425047;3,9419272426407;16,083;2,424;225923,716490611;13,658999999999999
648;2015-12-30;Comercio;-1,23392236402259;6,50665717154398;16,0933;2,4073;225466,907267483;13,686
649;2016-01-30;Comercio;-0,681110973796365;3,54102729192158;16,2358;2,4981;227274,63900488;13,7377
650;2016-02-30;Comercio;-0,957704867249045;6,42433385603047;16,1293;2,57;229411,005103949;13,5593
651;2016-03-30;Comercio;-0,928589557322736;3,54940732384805;16,0516;2,6139;226870,296620517;13,4377
652;2016-04-30;Comercio;-0,960920629725495;2,76647916648216;15,9873;2,6137;227683,365987705;13,3736
653;2016-05-30;Comercio;-0,840051381729528;4,87350380260541;16,0206;2,7061;228232,064959727;13,314500000000002
654;2016-06-30;Comercio;-0,817154692290322;3,57853940223563;16,2;2,6457;228166,448775348;13,5543
655;2016-07-30;Comercio;-0,757132926980579;3,58058848604883;16,3787;2,7039;231427,70755541;13,674799999999998
656;2016-08-30;Comercio;-0,547215640806328;5,77374525795702;16,4984;2,7113;232269,69808908;13,7871
657;2016-09-30;Comercio;-0,637817134596697;4,50899026825206;16,8447;2,705;233147,0156;14,1397
658;2016-10-30;Comercio;-0,507892442965856;2,18073554688548;17,0642;2,7081;232223,63659347;14,3561
659;2016-11-30;Comercio;-0,682124352086457;3,51819707926029;17,0273;2,6703;234678,355714603;14,357
660;2016-12-30;Comercio;-1,23392236402259;3,47941209391209;17,1565;2,6303;234802,958740691;14,526200000000001
661;2017-01-30;Comercio;-0,842550439051272;5,01618303367953;17,7387;2,7;231878,155603592;15,038700000000002
662;2017-02-30;Comercio;-0,90437936236754;0,787434462023569;17,0679;2,7339;232033,630864814;14,334000000000001
663;2017-03-30;Comercio;-0,887927335363688;1,16379585033846;16,9577;2,7077;231483,69539101;14,25
664;2017-04-30;Comercio;-0,839088030077736;0,312176167669932;16,844;2,7083;231732,418459482;14,135700000000002
665;2017-05-30;Comercio;-0,235084761411123;3,6584833367899;16,7794;2,7294;233202,820744494;14,049999999999999
666;2017-06-30;Comercio;-0,288375880897884;3,97016280935115;17,084;2,7223;233091,202663926;14,361699999999999
667;2017-07-30;Comercio;-0,418600404423131;2,23023573365417;17,0961;2,6939;234586,259024844;14,4022
668;2017-08-30;Comercio;-0,458208303368145;2,8604754231328;16,9332;2,6571;235217,013544844;14,2761
669;2017-09-30;Comercio;-0,528571491203542;3,35308282776933;16,6457;2,596;237583,524436263;14,049700000000001
670;2017-10-30;Comercio;-0,495153172587531;3,60973198180482;16,4035;2,5858;238533,98464101;13,817700000000002
671;2017-11-30;Comercio;-0,415484869747512;2,03212270846349;16,1023;2,5397;241891,656214012;13,5626
672;2017-12-30;Comercio;-1,01801323140131;1,41887025613422;15,7974;2,461;243367,009744844;13,3364
673;2018-01-30;Comercio;3,42966628477311;2,87233496226407;15,8884;2,4206;242941,760741095;13,4678
674;2018-02-30;Comercio;3,57392732468375;2,71425300120006;15,6932;2,3446;245334,86868;13,3486
675;2018-03-30;Comercio;3,43581797830478;3,8814633366802;15,1135;2,2861;246351,202016148;12,8274
676;2018-04-30;Comercio;3,50007700512048;8,084233111352;14,347;2,2337;249116,793695291;12,113299999999999
677;2018-05-30;Comercio;3,65262437810925;6,70725904443513;14,0677;2,1994;252163,211933841;11,868300000000001
678;2018-06-30;Comercio;3,21261276830502;2,07181626049809;14,0947;2,26;253301,933239413;11,8347
679;2018-07-30;Comercio;3,47758771032696;2,60707391223498;14,0626;2,2606;254421,797173841;11,802
680;2018-08-30;Comercio;3,60088904977659;2,32022079624739;14,2242;2,2616;256503,807181553;11,9626
681;2018-09-30;Comercio;3,24438062884745;2,39025390732122;14,302;2,2863;258816,6135;12,015699999999999
682;2018-10-30;Comercio;3,21331934551257;4,08424499495933;14,1619;2,3381;262213,119146969;11,823799999999999
683;2018-11-30;Comercio;3,39784633367697;5,05984750171066;14,2185;2,353;264496,08236;11,8655
684;2018-12-30;Comercio;2,67939726391418;4,70875013950894;14,2958;2,3594;267601,59422432;11,936399999999999
685;2019-01-30;Comercio;2,73179722342748;1,68204536506575;14,321;2,4245;265517,052688956;11,8965
686;2019-02-30;Comercio;2,80577077647146;2,08192064619262;14,3586;2,4704;264617,017414623;11,8882
687;2019-03-30;Comercio;3,20939749474915;3,38565671233177;14,4926;2,4184;268155,642070597;12,0742
688;2019-04-30;Comercio;3,56021246685372;-0,00370655104660235;14,509;2,4783;268798,917735074;12,0307
689;2019-05-30;Comercio;2,95751778566076;0,689357311198934;14,4781;2,4839;272208,722555459;11,9942
690;2019-06-30;Comercio;2,67906021868705;2,8184051537171;14,589;2,4923;272167,815575488;12,0967
691;2019-07-30;Comercio;2,81372472093841;3,93022450861361;14,501;2,4655;274252,564675074;12,035499999999999
692;2019-08-30;Comercio;2,80819401499338;3,71508023590506;14,4355;2,4068;278775,3476757;12,028699999999999
693;2019-09-30;Comercio;2,59364223520988;2,53124314155433;14,4193;2,3203;279218,395525627;12,099
694;2019-10-30;Comercio;2,66405044522942;2,70764198774884;14,2445;2,2823;282695,597197098;11,9622
695;2019-11-30;Comercio;2,80825245145862;2,31063247935892;14,192;2,266;285104,147780919;11,926
696;2019-12-30;Comercio;2,54253151420536;1,2406739415473;14,0848;2,1952;283417,612610272;11,8896
697;2020-01-30;Comercio;3,03456632838221;3,30328579210706;14,351;2,1571;284480,616991903;12,193900000000001
698;2020-02-30;Comercio;3,27666068879137;4,57990369607169;14,2166;2,1403;287509,080545274;12,0763
699;2020-03-30;Comercio;2,85709631998706;-17,6060068593198;14,0555;2,0994;292520,521325249;11,9561
700;2020-04-30;Comercio;2,91235591620121;-39,276985716532;13,3643;1,9517;294981,865972206;11,4126
701;2020-05-30;Comercio;3,03454898598919;-32,727246502532;12,7823;1,7423;317901,940662927;11,04
702;2020-06-30;Comercio;2,72508201662106;-18,1034455760272;12,4427;1,4927;323619,763992646;10,950000000000001
703;2020-07-30;Comercio;2,58348697803867;-11,0192247908879;12,2887;1,3048;328728,354384708;10,9839
704;2020-08-30;Comercio;2,60552608355367;-9,1655146146572;12,3435;1,1994;330282,552725012;11,1441
705;2020-09-30;Comercio;2,78282451594058;-5,86720943430298;12,4423;1,1513;329715,208692015;11,291
706;2020-10-30;Comercio;2,9751563635103;-3,25483448382076;12,4984;1,1065;329466,619187729;11,3919
707;2020-11-30;Comercio;3,22942792927554;-2,10701610176808;12,3737;1,0603;330898,145004204;11,3134
708;2020-12-30;Comercio;2,5593609446121;1,03032310851424;12,101;1,01;330497,714999158;11,091000000000001
709;2021-01-30;Comercio;3,3772607292823;-0,997341320021622;12,0323;0,9526;322545,157791186;11,079699999999999
710;2021-02-30;Comercio;3,82247824602179;-3,82132610746839;11,8846;0,9139;325538,713886489;10,9707
711;2021-03-30;Comercio;3,85725961746435;19,8682137808316;11,1365;0,8919;330091,565388301;10,2446
712;2021-04-30;Comercio;3,85299253156684;59,8947623291564;11,0793;0,8914;334027,12164637;10,187899999999999
713;2021-05-30;Comercio;3,28485604676275;48,5993221115384;10,8042;0,8623;339745,11524814;9,9419
714;2021-06-30;Comercio;3,36708480383948;23,4110933239464;10,683;0,819;346308,316824556;9,864
715;2021-07-30;Comercio;4,31815103073241;13,3172829771082;10,6816;0,7865;356316,82537433;9,8951
716;2021-08-30;Comercio;4,66048111788904;12,0115996029552;10,6861;0,7632;352728,81126038;9,9229
717;2021-09-30;Comercio;4,12363063997288;10,0310469174935;10,4913;0,7803;353224,181395059;9,711
718;2021-10-30;Comercio;5,26794345184149;4,76941227826566;10,5577;0,8197;348531,963698612;9,738000000000001
719;2021-11-30;Comercio;4,73834425294858;3,75939452387283;10,7307;0,9177;351524,562791852;9,813
720;2021-12-30;Comercio;3,75230464521986;2,03857895343596;10,9868;1,0332;351547,028702497;9,953600000000002
721;2022-01-30;Comercio;4,07318699419997;3,07233820894321;11,1277;1,1216;347860,89644456;10,0061
722;2022-02-30;Comercio;4,11231180967967;4,84817141819692;11,2939;1,3082;349410,614110348;9,985700000000001
723;2022-03-30;Comercio;3,5801031045155;3,90609081039353;11,5168;1,4668;352219,544574875;10,05
724;2022-04-30;Comercio;3,84366051953348;4,05956735448008;11,8497;1,5737;356360,952277521;10,276
725;2022-05-30;Comercio;3,95922861397657;2,55561245088643;12,1248;1,8519;355562,181344763;10,2729
726;2022-06-30;Comercio;3,87657556989798;3,73340672963062;12,4933;2,0823;361021,846173373;10,411
727;2022-07-30;Comercio;3,51482774914885;1,99929995548116;12,6616;2,2897;369690,15928018;10,3719
728;2022-08-30;Comercio;3,95302495883127;2,00923450710866;12,9406;2,4726;366647,946617273;10,468
729;2022-09-30;Comercio;3,66124908842111;2,1575485636082;13,3757;2,6123;369424,002927107;10,7634
730;2022-10-30;Comercio;3,79193120119819;2,60004901094656;13,5935;2,7542;366395,936714041;10,839300000000001
731;2022-11-30;Comercio;4,00983789887196;2,19611119378252;13,926;2,9257;362694,817549764;11,0003
732;2022-12-30;Comercio;3,72936717112794;1,28549481803624;14,2635;2,9706;359700,887677788;11,2929
733;2023-01-30;Comercio;4,02177573910954;-0,57827332938386;14,4623;3,1671;358160,728410833;11,295200000000001
734;2023-02-30;Comercio;3,93760607701891;-0,349595705654184;14,7364;3,3196;355361,513441952;11,4168
735;2023-03-30;Comercio;4,00182505710728;0,832314576504402;14,8803;3,4381;358265,32925923;11,4422
736;2023-04-30;Comercio;4,28663280030586;0,691224584296832;15,1693;3,5837;357840,458055733;11,5856
737;2023-05-30;Comercio;4,41880515920621;-1,17093071981193;15,2971;3,7155;356116,540382048;11,5816
738;2023-06-30;Comercio;4,42449295783476;-0,695984429638633;15,539;3,7597;354603,589179229;11,7793
739;2023-07-30;Comercio;4,80421117648372;-1,01583755810768;15,6423;3,8658;353847,808119614;11,7765
740;2023-08-30;Comercio;4,74086716136855;0,0614750474334791;15,7516;3,9045;356416,541034821;11,8471
741;2023-09-30;Comercio;4,94390042166257;-0,906756202466222;15,9513;3,963;359108,185513356;11,988299999999999
742;2023-10-30;Comercio;4,89341651045086;-0,682307691141691;15,9116;3,9019;359937,811494317;12,0097
743;2023-11-30;Comercio;5,37881169286756;0,701153437700412;15,876;3,7447;357828,458321504;12,1313
744;2023-12-30;Comercio;4,07581029359125;-0,945679280085103;15,8642;3,5484;357746,005812666;12,3158
745;2024-01-30;Comercio;4,39579417322482;1,83097461976354;15,8087;3,4516;355455,149034539;12,357099999999999
746;2024-02-30;Comercio;4,6373258098199;3,16241000807473;15,7303;3,3383;351565,53394342;12,392
747;2024-03-30;Comercio;4,17134114864034;-0,409690120959002;15,76;3,2448;353331,905670393;12,5152
748;2024-04-30;Comercio;4,03694484664341;5,52986981371346;15,734;3,1577;356241,641699629;12,5763
749;2024-05-30;Comercio;4,64;5,70691310837814;15,7542;3,0468;357552,518811107;12,7074
750;2024-06-30;Comercio;4,88;0,370585322038706;15,6527;2,9473;366420,50177239;12,7054
751;2024-07-30;Comercio;5,04333647440799;4,85868197288225;15,081;2,7852;364559,672342253;12,2958
752;2024-08-30;Comercio;4,86360658985596;3,97028100948149;14,9261;2,6448;366002,017201794;12,2813
753;2024-09-30;Comercio;4,66724965938333;3,49053235679599;14,7177;2,6053;361085,629076086;12,112400000000001
754;2024-10-30;Comercio;4,99819521338591;3,83110341773776;14,7445;2,561;357635,416378008;12,1835
755;2024-11-30;Comercio;5,16;4,38200682962149;14,781;2,5237;357014,157664061;12,2573
756;2024-12-30;Comercio;3,93;5,06622215564914;14,8781;2,42;357677,259424096;12,4581
757;2025-01-30;Comercio;4,21;4,40268408625997;14,9906;2,3587;354760,01862769;12,631900000000002
758;2025-02-30;Comercio;4,49;2,83135361395376;14,9064;2,3507;355585,444264296;12,5557
759;2025-03-30;Comercio;4,38;4,77444217851402;14,7668;2,3426;360539,211660019;12,424199999999999
760;2025-04-30;Comercio;4,62;1,29967380625761;14,9607;2,2863;363066,00391258;12,674399999999999
761;2025-05-30;Comercio;4,73;2,02240324884952;14,9519;2,2671;366803,283034096;12,6848
762;2025-06-30;Comercio;4,12;4,94005155999517;14,9807;2,2737;366620,72027072;12,707
763;2025-07-30;Comercio;4,71;3,55064175415287;15,0445;2,1616;372582,021288069;12,8829
764;2025-08-30;Comercio;4,91;3,16499600945614;15,149;2,1348;373750,315649748;13,014199999999999
765;2025-09-30;Comercio;4,36;4,39260049012083;15,3507;2,1383;373053,47833963;13,212399999999999
766;2025-10-30;Comercio;4,65;4,17632153639052;15,5555;2,12;372064,590718533;13,435500000000001
767;2025-11-30;Comercio;4,8;1,58920236608024;15,7477;2,0993;378114,510368936;13,6484
768;2025-12-30;Comercio;4,42;4,14063348002019;15,8871;1,9771;383542,1016983;13,91
769;2010-01-30;Continental;-1,78341017152832;3,09973872260936;19,97548;1,444581;91470,2482158548;18,530899
770;2010-02-30;Continental;-1,72646783158076;5,09543709179996;19,76036;1,39174;92459,18782068;18,36862
771;2010-03-30;Continental;-1,69803796063356;8,13674194381058;19,48806;1,35968;94126,3081121465;18,12838
772;2010-04-30;Continental;-1,62378779687218;7,9722443788201;19,39367;1,29767;95946,0098819624;18,096
773;2010-05-30;Continental;-1,61654641355076;7,53505209738022;19,17935;1,33258;97873,2306796958;17,84677
774;2010-06-30;Continental;-1,71372701012511;12,8277818078601;19,124;1,38977;99082,4339075997;17,73423
775;2010-07-30;Continental;-1,67438715252051;9,91181998600019;18,205;1,4506;100791,651839417;16,754399999999997
776;2010-08-30;Continental;-1,74088566676554;8,72290742396025;18,0813;1,6216;99774,2127051353;16,459699999999998
777;2010-09-30;Continental;-1,81858477161236;10,06527640767;18,3447;1,748;99406,3336637612;16,5967
778;2010-10-30;Continental;-1,87215279054376;9,42619659579032;18,7145;1,839;100541,496064182;16,875500000000002
779;2010-11-30;Continental;-1,8994946839987;8,83483102372992;18,718;1,842;103422,060777227;16,876
780;2010-12-30;Continental;-2,02807973237337;7,81210224176022;18,733;1,802;104896,071719061;16,931
781;2011-01-30;Continental;-2,02402156899558;9,56527024911006;18,679;1,865;105702,78900746;16,814
782;2011-02-30;Continental;-2,04029391968888;8,05783062817041;18,58;1,989;107403,07598927;16,590999999999998
783;2011-03-30;Continental;-2,07712420711639;7,68532243598949;18,6542;2,0394;110860,9531216;16,6148
784;2011-04-30;Continental;-2,0498789198131;7,42563488842943;18,512;2,0897;114610,68941318;16,4223
785;2011-05-30;Continental;-2,07216420882675;5,54189993776013;18,4926;2,3042;117469,44059454;16,1884
786;2011-06-30;Continental;-2,09250818429101;2,98103131605997;18,581;2,477;118641,26299725;16,104
787;2011-07-30;Continental;-2,10927226590062;6,06507053676931;18,54;2,4761;120036,9824773;16,0639
788;2011-08-30;Continental;-2,11980923939381;6,48080840764941;18,659;2,5197;120983,04623169;16,1393
789;2011-09-30;Continental;-2,13957592302901;4,90474354881041;18,717;2,5533;122529,13554308;16,1637
790;2011-10-30;Continental;-2,14525726518361;4,45651581325019;19,0103;2,5842;123168,52310561;16,4261
791;2011-11-30;Continental;-2,1698469823869;4,74225301367989;18,849;2,5703;124573,8061602;16,2787
792;2011-12-30;Continental;-2,14923645595567;8,66690720500048;18,861;2,4681;127594,4615945;16,3929
793;2012-01-30;Continental;-2,14760057929856;5,45154968600407;19,0294;2,4645;128619,250751001;16,564899999999998
794;2012-02-30;Continental;-2,16433163423053;7,05454218784318;18,7579;2,5004;128618,768754377;16,2575
795;2012-03-30;Continental;-2,18540079161902;5,85691316374118;19,0135;2,5203;130336,955932312;16,4932
796;2012-04-30;Continental;-2,19347143879019;3,19711552540307;19,2147;2,4393;131099,764668099;16,7754
797;2012-05-30;Continental;-2,09492445138688;6,9171164679619;19,341;2,4561;135396,412392417;16,884900000000002
798;2012-06-30;Continental;-2,06225276210332;7,53631288857866;19,6167;2,4757;136587,360127535;17,141000000000002
799;2012-07-30;Continental;-2,05988024140302;7,25261754336291;19,469;2,4835;137632,713477335;16,985500000000002
800;2012-08-30;Continental;-1,9950773039194;7,06201511835402;19,4068;2,4274;138742,833903589;16,979400000000002
801;2012-09-30;Continental;-1,99460199450401;6,74548019154057;19,3003;2,4527;140098,644280677;16,8476
802;2012-10-30;Continental;-1,99688886297693;7,41634436032168;19,3323;2,4474;140619,089445488;16,884900000000002
803;2012-11-30;Continental;-1,98481667476128;6,06180649649839;19,2763;2,4423;141971,486761694;16,834
804;2012-12-30;Continental;-2,01332206874206;3,42503686357549;19,085;2,37;143381,752445136;16,715
805;2013-01-30;Continental;-1,93521320136927;6,45527800965146;19,4116;2,3774;143924,213626111;17,0342
806;2013-02-30;Continental;-1,94250013864213;5,08612805742209;19,27;2,3671;144967,892788439;16,9029
807;2013-03-30;Continental;-1,85662493619882;3,50645360666613;19,0781;2,2871;146983,042569046;16,791
808;2013-04-30;Continental;-1,79654491846097;8,82067463968362;19,0897;2,309;149588,04782395;16,7807
809;2013-05-30;Continental;-1,73399251788399;4,26285716421081;18,9452;2,3039;153200,527471291;16,6413
810;2013-06-30;Continental;-1,7167267016195;5,85480037508544;18,8077;2,3187;157619,942045018;16,489
811;2013-07-30;Continental;-1,61393247296782;5,31159859188824;18,4748;2,3271;159868,223628347;16,147699999999997
812;2013-08-30;Continental;-1,54141933849306;5,50543308658207;18,1187;2,3158;163789,801182292;15,802900000000001
813;2013-09-30;Continental;-1,54129896343097;4,86322588723548;17,5843;2,3467;164610,589487021;15,237599999999999
814;2013-10-30;Continental;-1,42658657215794;6,2085695594993;16,6471;2,3432;166348,164810084;14,303899999999999
815;2013-11-30;Continental;-1,37560084844115;7,28241158278986;16,3673;2,3327;170158,401818378;14,034600000000001
816;2013-12-30;Continental;-1,32769646670051;7,03298792251822;15,8765;2,2697;171751,523064292;13,6068
817;2014-01-30;Continental;-1,20193551615679;4,22779553969517;15,9881;2,2552;172329,943011801;13,732899999999999
818;2014-02-30;Continental;-1,21649458195596;5,20778584573871;15,8071;2,2636;173515,547867492;13,5435
819;2014-03-30;Continental;-1,28419318276303;5,41175050657321;15,6132;2,2732;175851,686060143;13,34
820;2014-04-30;Continental;-1,28866332601909;2,9227670766698;15,5293;2,2957;177923,043139245;13,2336
821;2014-05-30;Continental;-1,20678818199242;2,59010248818859;15,6132;2,3419;179043,133266155;13,2713
822;2014-06-30;Continental;-1,19973195348222;0,377809386320063;16,0437;2,403;182625,504765777;13,6407
823;2014-07-30;Continental;-0,97605071381512;1,44969443766443;15,9294;2,3829;183850,862135435;13,5465
824;2014-08-30;Continental;-0,919991448298932;1,35321229346922;15,8752;2,3319;185421,418434124;13,543299999999999
825;2014-09-30;Continental;-0,723457068122126;2,67337539829948;15,689;2,324;187783,967748193;13,365
826;2014-10-30;Continental;-0,571600439153222;2,27379963938056;15,5535;2,3087;190413,12089967;13,2448
827;2014-11-30;Continental;-0,565663690486561;0,157929164213429;15,6087;2,2923;192240,760977915;13,316400000000002
828;2014-12-30;Continental;-0,560190092189991;0,794857324711063;15,6694;2,2739;194937,779817565;13,3955
829;2015-01-30;Continental;-0,523717882349347;1,56136027088578;16,1668;2,2448;197122,269584258;13,921999999999999
830;2015-02-30;Continental;-0,55005412874289;1,23388958685352;15,9979;2,22;198325,232429746;13,777899999999999
831;2015-03-30;Continental;-0,474359873653152;2,93665474858232;16,0777;2,2281;202798,239654182;13,8496
832;2015-04-30;Continental;-0,440476915144086;4,19795086562356;15,9223333333333;2,21466666666667;206559,06471937;13,707666666666631
833;2015-05-30;Continental;-0,446158765143359;1,28310541124468;16,0042;2,2732;209835,686276021;13,731000000000002
834;2015-06-30;Continental;-0,610945128473949;4,0852915674958;16,1823;2,2477;210598,22149881;13,934600000000001
835;2015-07-30;Continental;-0,521954346437359;3,60261789062785;16,1542;2,2132;212490,570574082;13,940999999999999
836;2015-08-30;Continental;-0,5498638609781;2,66923547239152;16,2516;2,2558;216960,582850091;13,9958
837;2015-09-30;Continental;-0,558266290152824;3,1878615346694;16,0927;2,365;219330,718134439;13,7277
838;2015-10-30;Continental;-0,510195243779114;3,27340498190499;16,2439;2,37870967741936;221930,655338288;13,86519032258064
839;2015-11-30;Continental;-0,519593744182127;3,9419272426407;16,083;2,424;225923,716490611;13,658999999999999
840;2015-12-30;Continental;-0,305979407788859;6,50665717154398;16,0933;2,4073;225466,907267483;13,686
841;2016-01-30;Continental;-0,526361445769971;3,54102729192158;16,2358;2,4981;227274,63900488;13,7377
842;2016-02-30;Continental;-0,55005412874289;6,42433385603047;16,1293;2,57;229411,005103949;13,5593
843;2016-03-30;Continental;-0,551890786370502;3,54940732384805;16,0516;2,6139;226870,296620517;13,4377
844;2016-04-30;Continental;-0,489974502360134;2,76647916648216;15,9873;2,6137;227683,365987705;13,3736
845;2016-05-30;Continental;-0,443912817210789;4,87350380260541;16,0206;2,7061;228232,064959727;13,314500000000002
846;2016-06-30;Continental;-0,409931856461632;3,57853940223563;16,2;2,6457;228166,448775348;13,5543
847;2016-07-30;Continental;-0,39400879788944;3,58058848604883;16,3787;2,7039;231427,70755541;13,674799999999998
848;2016-08-30;Continental;-0,363053836365573;5,77374525795702;16,4984;2,7113;232269,69808908;13,7871
849;2016-09-30;Continental;-0,361929868560541;4,50899026825206;16,8447;2,705;233147,0156;14,1397
850;2016-10-30;Continental;-0,257521096201242;2,18073554688548;17,0642;2,7081;232223,63659347;14,3561
851;2016-11-30;Continental;-0,211750949566422;3,51819707926029;17,0273;2,6703;234678,355714603;14,357
852;2016-12-30;Continental;-0,305979407788859;3,47941209391209;17,1565;2,6303;234802,958740691;14,526200000000001
853;2017-01-30;Continental;-0,210826964382126;5,01618303367953;17,7387;2,7;231878,155603592;15,038700000000002
854;2017-02-30;Continental;-0,260488294067631;0,787434462023569;17,0679;2,7339;232033,630864814;14,334000000000001
855;2017-03-30;Continental;-0,194664070085348;1,16379585033846;16,9577;2,7077;231483,69539101;14,25
856;2017-04-30;Continental;-0,115995582195794;0,312176167669932;16,844;2,7083;231732,418459482;14,135700000000002
857;2017-05-30;Continental;-0,0715936479223198;3,6584833367899;16,7794;2,7294;233202,820744494;14,049999999999999
858;2017-06-30;Continental;-0,107468931330367;3,97016280935115;17,084;2,7223;233091,202663926;14,361699999999999
859;2017-07-30;Continental;-0,0984585522368282;2,23023573365417;17,0961;2,6939;234586,259024844;14,4022
860;2017-08-30;Continental;-0,0439327889171445;2,8604754231328;16,9332;2,6571;235217,013544844;14,2761
861;2017-09-30;Continental;-0,013246305997409;3,35308282776933;16,6457;2,596;237583,524436263;14,049700000000001
862;2017-10-30;Continental;-0,028518067774646;3,60973198180482;16,4035;2,5858;238533,98464101;13,817700000000002
863;2017-11-30;Continental;0,00457457477515703;2,03212270846349;16,1023;2,5397;241891,656214012;13,5626
864;2017-12-30;Continental;0,325929706761472;1,41887025613422;15,7974;2,461;243367,009744844;13,3364
865;2018-01-30;Continental;2,87431502264624;2,87233496226407;15,8884;2,4206;242941,760741095;13,4678
866;2018-02-30;Continental;2,97871545877438;2,71425300120006;15,6932;2,3446;245334,86868;13,3486
867;2018-03-30;Continental;2,82625603125124;3,8814633366802;15,1135;2,2861;246351,202016148;12,8274
868;2018-04-30;Continental;3,06683055327134;8,084233111352;14,347;2,2337;249116,793695291;12,113299999999999
869;2018-05-30;Continental;3,15140134011203;6,70725904443513;14,0677;2,1994;252163,211933841;11,868300000000001
870;2018-06-30;Continental;2,94864863969886;2,07181626049809;14,0947;2,26;253301,933239413;11,8347
871;2018-07-30;Continental;3,18698391846081;2,60707391223498;14,0626;2,2606;254421,797173841;11,802
872;2018-08-30;Continental;3,35236251365537;2,32022079624739;14,2242;2,2616;256503,807181553;11,9626
873;2018-09-30;Continental;3,05483672691438;2,39025390732122;14,302;2,2863;258816,6135;12,015699999999999
874;2018-10-30;Continental;3,16131405637085;4,08424499495933;14,1619;2,3381;262213,119146969;11,823799999999999
875;2018-11-30;Continental;3,22683485478896;5,05984750171066;14,2185;2,353;264496,08236;11,8655
876;2018-12-30;Continental;2,93830119268456;4,70875013950894;14,2958;2,3594;267601,59422432;11,936399999999999
877;2019-01-30;Continental;3,09282522339654;1,68204536506575;14,321;2,4245;265517,052688956;11,8965
878;2019-02-30;Continental;3,22113825627743;2,08192064619262;14,3586;2,4704;264617,017414623;11,8882
879;2019-03-30;Continental;2,98740868753124;3,38565671233177;14,4926;2,4184;268155,642070597;12,0742
880;2019-04-30;Continental;3,12494650720389;-0,00370655104660235;14,509;2,4783;268798,917735074;12,0307
881;2019-05-30;Continental;3,31959654051554;0,689357311198934;14,4781;2,4839;272208,722555459;11,9942
882;2019-06-30;Continental;3,12604074896905;2,8184051537171;14,589;2,4923;272167,815575488;12,0967
883;2019-07-30;Continental;3,2252317739768;3,93022450861361;14,501;2,4655;274252,564675074;12,035499999999999
884;2019-08-30;Continental;3,23178759294375;3,71508023590506;14,4355;2,4068;278775,3476757;12,028699999999999
885;2019-09-30;Continental;3,08621999576433;2,53124314155433;14,4193;2,3203;279218,395525627;12,099
886;2019-10-30;Continental;3,17570986497149;2,70764198774884;14,2445;2,2823;282695,597197098;11,9622
887;2019-11-30;Continental;3,11955412622126;2,31063247935892;14,192;2,266;285104,147780919;11,926
888;2019-12-30;Continental;3,02001230726577;1,2406739415473;14,0848;2,1952;283417,612610272;11,8896
889;2020-01-30;Continental;3,17654723624314;3,30328579210706;14,351;2,1571;284480,616991903;12,193900000000001
890;2020-02-30;Continental;3,24686671610961;4,57990369607169;14,2166;2,1403;287509,080545274;12,0763
891;2020-03-30;Continental;3,14258192312282;-17,6060068593198;14,0555;2,0994;292520,521325249;11,9561
892;2020-04-30;Continental;3,69394368148004;-39,276985716532;13,3643;1,9517;294981,865972206;11,4126
893;2020-05-30;Continental;3,34581262772336;-32,727246502532;12,7823;1,7423;317901,940662927;11,04
894;2020-06-30;Continental;3,22637630742106;-18,1034455760272;12,4427;1,4927;323619,763992646;10,950000000000001
895;2020-07-30;Continental;3,0388550164928;-11,0192247908879;12,2887;1,3048;328728,354384708;10,9839
896;2020-08-30;Continental;2,96994541743889;-9,1655146146572;12,3435;1,1994;330282,552725012;11,1441
897;2020-09-30;Continental;3,00165401319091;-5,86720943430298;12,4423;1,1513;329715,208692015;11,291
898;2020-10-30;Continental;3,11504791879005;-3,25483448382076;12,4984;1,1065;329466,619187729;11,3919
899;2020-11-30;Continental;3,13792489701983;-2,10701610176808;12,3737;1,0603;330898,145004204;11,3134
900;2020-12-30;Continental;3,21516457444078;1,03032310851424;12,101;1,01;330497,714999158;11,091000000000001
901;2021-01-30;Continental;3,36517926354944;-0,997341320021622;12,0323;0,9526;322545,157791186;11,079699999999999
902;2021-02-30;Continental;3,36617950947152;-3,82132610746839;11,8846;0,9139;325538,713886489;10,9707
903;2021-03-30;Continental;3,38066765871303;19,8682137808316;11,1365;0,8919;330091,565388301;10,2446
904;2021-04-30;Continental;3,32962953704678;59,8947623291564;11,0793;0,8914;334027,12164637;10,187899999999999
905;2021-05-30;Continental;3,26962734625068;48,5993221115384;10,8042;0,8623;339745,11524814;9,9419
906;2021-06-30;Continental;3,25593005631736;23,4110933239464;10,683;0,819;346308,316824556;9,864
907;2021-07-30;Continental;3,40824550176895;13,3172829771082;10,6816;0,7865;356316,82537433;9,8951
908;2021-08-30;Continental;3,50607472630829;12,0115996029552;10,6861;0,7632;352728,81126038;9,9229
909;2021-09-30;Continental;3,55146981682376;10,0310469174935;10,4913;0,7803;353224,181395059;9,711
910;2021-10-30;Continental;3,60977296845496;4,76941227826566;10,5577;0,8197;348531,963698612;9,738000000000001
911;2021-11-30;Continental;3,68150201302608;3,75939452387283;10,7307;0,9177;351524,562791852;9,813
912;2021-12-30;Continental;3,70102213954001;2,03857895343596;10,9868;1,0332;351547,028702497;9,953600000000002
913;2022-01-30;Continental;3,94501555672369;3,07233820894321;11,1277;1,1216;347860,89644456;10,0061
914;2022-02-30;Continental;3,9972268546415;4,84817141819692;11,2939;1,3082;349410,614110348;9,985700000000001
915;2022-03-30;Continental;3,95348606197163;3,90609081039353;11,5168;1,4668;352219,544574875;10,05
916;2022-04-30;Continental;3,96571681554687;4,05956735448008;11,8497;1,5737;356360,952277521;10,276
917;2022-05-30;Continental;3,9584903223031;2,55561245088643;12,1248;1,8519;355562,181344763;10,2729
918;2022-06-30;Continental;4,01874209464743;3,73340672963062;12,4933;2,0823;361021,846173373;10,411
919;2022-07-30;Continental;4,00138044906709;1,99929995548116;12,6616;2,2897;369690,15928018;10,3719
920;2022-08-30;Continental;4,09214751188044;2,00923450710866;12,9406;2,4726;366647,946617273;10,468
921;2022-09-30;Continental;4,17673029743576;2,1575485636082;13,3757;2,6123;369424,002927107;10,7634
922;2022-10-30;Continental;4,28882774570751;2,60004901094656;13,5935;2,7542;366395,936714041;10,839300000000001
923;2022-11-30;Continental;4,29919180722902;2,19611119378252;13,926;2,9257;362694,817549764;11,0003
924;2022-12-30;Continental;4,3742488867853;1,28549481803624;14,2635;2,9706;359700,887677788;11,2929
925;2023-01-30;Continental;4,53675331314781;-0,57827332938386;14,4623;3,1671;358160,728410833;11,295200000000001
926;2023-02-30;Continental;4,54511715283607;-0,349595705654184;14,7364;3,3196;355361,513441952;11,4168
927;2023-03-30;Continental;4,37689718032358;0,832314576504402;14,8803;3,4381;358265,32925923;11,4422
928;2023-04-30;Continental;4,37720056622753;0,691224584296832;15,1693;3,5837;357840,458055733;11,5856
929;2023-05-30;Continental;4,54765926689412;-1,17093071981193;15,2971;3,7155;356116,540382048;11,5816
930;2023-06-30;Continental;4,61116088395402;-0,695984429638633;15,539;3,7597;354603,589179229;11,7793
931;2023-07-30;Continental;4,71495282846934;-1,01583755810768;15,6423;3,8658;353847,808119614;11,7765
932;2023-08-30;Continental;4,72931831409108;0,0614750474334791;15,7516;3,9045;356416,541034821;11,8471
933;2023-09-30;Continental;4,67224659283404;-0,906756202466222;15,9513;3,963;359108,185513356;11,988299999999999
934;2023-10-30;Continental;4,76982808653974;-0,682307691141691;15,9116;3,9019;359937,811494317;12,0097
935;2023-11-30;Continental;4,84317485074727;0,701153437700412;15,876;3,7447;357828,458321504;12,1313
936;2023-12-30;Continental;4,71384092300645;-0,945679280085103;15,8642;3,5484;357746,005812666;12,3158
937;2024-01-30;Continental;4,8864668473771;1,83097461976354;15,8087;3,4516;355455,149034539;12,357099999999999
938;2024-02-30;Continental;4,93261960675195;3,16241000807473;15,7303;3,3383;351565,53394342;12,392
939;2024-03-30;Continental;4,65379413178912;-0,409690120959002;15,76;3,2448;353331,905670393;12,5152
940;2024-04-30;Continental;4,72974520189703;5,52986981371346;15,734;3,1577;356241,641699629;12,5763
941;2024-05-30;Continental;4,83;5,70691310837814;15,7542;3,0468;357552,518811107;12,7074
942;2024-06-30;Continental;4,54;0,370585322038706;15,6527;2,9473;366420,50177239;12,7054
943;2024-07-30;Continental;4,57166405384626;4,85868197288225;15,081;2,7852;364559,672342253;12,2958
944;2024-08-30;Continental;4,2946424125894;3,97028100948149;14,9261;2,6448;366002,017201794;12,2813
945;2024-09-30;Continental;4,13242787806934;3,49053235679599;14,7177;2,6053;361085,629076086;12,112400000000001
946;2024-10-30;Continental;4,06816784628458;3,83110341773776;14,7445;2,561;357635,416378008;12,1835
947;2024-11-30;Continental;3,93;4,38200682962149;14,781;2,5237;357014,157664061;12,2573
948;2024-12-30;Continental;3,72;5,06622215564914;14,8781;2,42;357677,259424096;12,4581
949;2025-01-30;Continental;3,75;4,40268408625997;14,9906;2,3587;354760,01862769;12,631900000000002
950;2025-02-30;Continental;3,64;2,83135361395376;14,9064;2,3507;355585,444264296;12,5557
951;2025-03-30;Continental;3,59;4,77444217851402;14,7668;2,3426;360539,211660019;12,424199999999999
952;2025-04-30;Continental;3,51;1,29967380625761;14,9607;2,2863;363066,00391258;12,674399999999999
953;2025-05-30;Continental;3,48;2,02240324884952;14,9519;2,2671;366803,283034096;12,6848
954;2025-06-30;Continental;3,38;4,94005155999517;14,9807;2,2737;366620,72027072;12,707
955;2025-07-30;Continental;3,45;3,55064175415287;15,0445;2,1616;372582,021288069;12,8829
956;2025-08-30;Continental;3,35;3,16499600945614;15,149;2,1348;373750,315649748;13,014199999999999
957;2025-09-30;Continental;3,3;4,39260049012083;15,3507;2,1383;373053,47833963;13,212399999999999
958;2025-10-30;Continental;3,25;4,17632153639052;15,5555;2,12;372064,590718533;13,435500000000001
959;2025-11-30;Continental;3,07;1,58920236608024;15,7477;2,0993;378114,510368936;13,6484
960;2025-12-30;Continental;3,23;4,14063348002019;15,8871;1,9771;383542,1016983;13,91
961;2010-01-30;Falabella;1,02307330037833;3,09973872260936;19,97548;1,444581;91470,2482158548;18,530899
962;2010-02-30;Falabella;0,762342216424921;5,09543709179996;19,76036;1,39174;92459,18782068;18,36862
963;2010-03-30;Falabella;0,606769993219104;8,13674194381058;19,48806;1,35968;94126,3081121465;18,12838
964;2010-04-30;Falabella;0,207294034636533;7,9722443788201;19,39367;1,29767;95946,0098819624;18,096
965;2010-05-30;Falabella;0,192024619775156;7,53505209738022;19,17935;1,33258;97873,2306796958;17,84677
966;2010-06-30;Falabella;-0,123690672418616;12,8277818078601;19,124;1,38977;99082,4339075997;17,73423
967;2010-07-30;Falabella;-0,175122037344065;9,91181998600019;18,205;1,4506;100791,651839417;16,754399999999997
968;2010-08-30;Falabella;-0,266998300819428;8,72290742396025;18,0813;1,6216;99774,2127051353;16,459699999999998
969;2010-09-30;Falabella;-0,400588803092346;10,06527640767;18,3447;1,748;99406,3336637612;16,5967
970;2010-10-30;Falabella;-0,424936255636886;9,42619659579032;18,7145;1,839;100541,496064182;16,875500000000002
971;2010-11-30;Falabella;-0,53755107083818;8,83483102372992;18,718;1,842;103422,060777227;16,876
972;2010-12-30;Falabella;-0,704983128132817;7,81210224176022;18,733;1,802;104896,071719061;16,931
973;2011-01-30;Falabella;-0,884779227770551;9,56527024911006;18,679;1,865;105702,78900746;16,814
974;2011-02-30;Falabella;-1,40576199566878;8,05783062817041;18,58;1,989;107403,07598927;16,590999999999998
975;2011-03-30;Falabella;-1,41351034961465;7,68532243598949;18,6542;2,0394;110860,9531216;16,6148
976;2011-04-30;Falabella;-1,69702391170445;7,42563488842943;18,512;2,0897;114610,68941318;16,4223
977;2011-05-30;Falabella;-1,58204462771607;5,54189993776013;18,4926;2,3042;117469,44059454;16,1884
978;2011-06-30;Falabella;-1,69212244334222;2,98103131605997;18,581;2,477;118641,26299725;16,104
979;2011-07-30;Falabella;-1,68414453853464;6,06507053676931;18,54;2,4761;120036,9824773;16,0639
980;2011-08-30;Falabella;-1,72811902319325;6,48080840764941;18,659;2,5197;120983,04623169;16,1393
981;2011-09-30;Falabella;-1,72665066294967;4,90474354881041;18,717;2,5533;122529,13554308;16,1637
982;2011-10-30;Falabella;-1,68184013573522;4,45651581325019;19,0103;2,5842;123168,52310561;16,4261
983;2011-11-30;Falabella;-1,69908835679251;4,74225301367989;18,849;2,5703;124573,8061602;16,2787
984;2011-12-30;Falabella;-1,64612107016367;8,66690720500048;18,861;2,4681;127594,4615945;16,3929
985;2012-01-30;Falabella;-1,64588635557265;5,45154968600407;19,0294;2,4645;128619,250751001;16,564899999999998
986;2012-02-30;Falabella;-1,61643605647809;7,05454218784318;18,7579;2,5004;128618,768754377;16,2575
987;2012-03-30;Falabella;-1,68474239802498;5,85691316374118;19,0135;2,5203;130336,955932312;16,4932
988;2012-04-30;Falabella;-1,7177950253493;3,19711552540307;19,2147;2,4393;131099,764668099;16,7754
989;2012-05-30;Falabella;-1,67393685747089;6,9171164679619;19,341;2,4561;135396,412392417;16,884900000000002
990;2012-06-30;Falabella;-1,80107584473129;7,53631288857866;19,6167;2,4757;136587,360127535;17,141000000000002
991;2012-07-30;Falabella;-1,73540182255586;7,25261754336291;19,469;2,4835;137632,713477335;16,985500000000002
992;2012-08-30;Falabella;-1,77608092013177;7,06201511835402;19,4068;2,4274;138742,833903589;16,979400000000002
993;2012-09-30;Falabella;-1,86048955901864;6,74548019154057;19,3003;2,4527;140098,644280677;16,8476
994;2012-10-30;Falabella;-1,81898315615054;7,41634436032168;19,3323;2,4474;140619,089445488;16,884900000000002
995;2012-11-30;Falabella;-1,6287444272054;6,06180649649839;19,2763;2,4423;141971,486761694;16,834
996;2012-12-30;Falabella;-1,43332364984799;3,42503686357549;19,085;2,37;143381,752445136;16,715
997;2013-01-30;Falabella;-1,42884550440797;6,45527800965146;19,4116;2,3774;143924,213626111;17,0342
998;2013-02-30;Falabella;-1,39919378787172;5,08612805742209;19,27;2,3671;144967,892788439;16,9029
999;2013-03-30;Falabella;-1,15552366779093;3,50645360666613;19,0781;2,2871;146983,042569046;16,791
1000;2013-04-30;Falabella;-1,19435899642803;8,82067463968362;19,0897;2,309;149588,04782395;16,7807
1001;2013-05-30;Falabella;-1,05246473022793;4,26285716421081;18,9452;2,3039;153200,527471291;16,6413
1002;2013-06-30;Falabella;-1,06029402223712;5,85480037508544;18,8077;2,3187;157619,942045018;16,489
1003;2013-07-30;Falabella;-1,02965219371815;5,31159859188824;18,4748;2,3271;159868,223628347;16,147699999999997
1004;2013-08-30;Falabella;-1,03021593310908;5,50543308658207;18,1187;2,3158;163789,801182292;15,802900000000001
1005;2013-09-30;Falabella;-1,08858199478349;4,86322588723548;17,5843;2,3467;164610,589487021;15,237599999999999
1006;2013-10-30;Falabella;-1,06676871980374;6,2085695594993;16,6471;2,3432;166348,164810084;14,303899999999999
1007;2013-11-30;Falabella;-1,16111668727163;7,28241158278986;16,3673;2,3327;170158,401818378;14,034600000000001
1008;2013-12-30;Falabella;-1,24715074175936;7,03298792251822;15,8765;2,2697;171751,523064292;13,6068
1009;2014-01-30;Falabella;-1,40041324761768;4,22779553969517;15,9881;2,2552;172329,943011801;13,732899999999999
1010;2014-02-30;Falabella;-1,71614715822118;5,20778584573871;15,8071;2,2636;173515,547867492;13,5435
1011;2014-03-30;Falabella;-1,73025823158898;5,41175050657321;15,6132;2,2732;175851,686060143;13,34
1012;2014-04-30;Falabella;-1,75305067705888;2,9227670766698;15,5293;2,2957;177923,043139245;13,2336
1013;2014-05-30;Falabella;-1,64481059413918;2,59010248818859;15,6132;2,3419;179043,133266155;13,2713
1014;2014-06-30;Falabella;-1,67171726393527;0,377809386320063;16,0437;2,403;182625,504765777;13,6407
1015;2014-07-30;Falabella;-1,65515718597075;1,44969443766443;15,9294;2,3829;183850,862135435;13,5465
1016;2014-08-30;Falabella;-1,76998009761718;1,35321229346922;15,8752;2,3319;185421,418434124;13,543299999999999
1017;2014-09-30;Falabella;-1,88849256218177;2,67337539829948;15,689;2,324;187783,967748193;13,365
1018;2014-10-30;Falabella;-1,99903032823924;2,27379963938056;15,5535;2,3087;190413,12089967;13,2448
1019;2014-11-30;Falabella;-1,99813566873134;0,157929164213429;15,6087;2,2923;192240,760977915;13,316400000000002
1020;2014-12-30;Falabella;-1,84376796161814;0,794857324711063;15,6694;2,2739;194937,779817565;13,3955
1021;2015-01-30;Falabella;-1,91995134510082;1,56136027088578;16,1668;2,2448;197122,269584258;13,921999999999999
1022;2015-02-30;Falabella;-1,64179224327529;1,23388958685352;15,9979;2,22;198325,232429746;13,777899999999999
1023;2015-03-30;Falabella;-1,88706408290065;2,93665474858232;16,0777;2,2281;202798,239654182;13,8496
1024;2015-04-30;Falabella;-1,99063799101264;4,19795086562356;15,9223333333333;2,21466666666667;206559,06471937;13,707666666666631
1025;2015-05-30;Falabella;-1,88468808610014;1,28310541124468;16,0042;2,2732;209835,686276021;13,731000000000002
1026;2015-06-30;Falabella;-1,87271932096419;4,0852915674958;16,1823;2,2477;210598,22149881;13,934600000000001
1027;2015-07-30;Falabella;-1,79870802724779;3,60261789062785;16,1542;2,2132;212490,570574082;13,940999999999999
1028;2015-08-30;Falabella;-1,80761392503947;2,66923547239152;16,2516;2,2558;216960,582850091;13,9958
1029;2015-09-30;Falabella;-1,83740321958124;3,1878615346694;16,0927;2,365;219330,718134439;13,7277
1030;2015-10-30;Falabella;-1,8166555256465;3,27340498190499;16,2439;2,37870967741936;221930,655338288;13,86519032258064
1031;2015-11-30;Falabella;-1,80689934127647;3,9419272426407;16,083;2,424;225923,716490611;13,658999999999999
1032;2015-12-30;Falabella;-1,52333307649038;6,50665717154398;16,0933;2,4073;225466,907267483;13,686
1033;2016-01-30;Falabella;-1,66393506841086;3,54102729192158;16,2358;2,4981;227274,63900488;13,7377
1034;2016-02-30;Falabella;-1,64179224327529;6,42433385603047;16,1293;2,57;229411,005103949;13,5593
1035;2016-03-30;Falabella;-1,75904275288512;3,54940732384805;16,0516;2,6139;226870,296620517;13,4377
1036;2016-04-30;Falabella;-1,63381315351434;2,76647916648216;15,9873;2,6137;227683,365987705;13,3736
1037;2016-05-30;Falabella;-1,51361432536161;4,87350380260541;16,0206;2,7061;228232,064959727;13,314500000000002
1038;2016-06-30;Falabella;-1,52589905094594;3,57853940223563;16,2;2,6457;228166,448775348;13,5543
1039;2016-07-30;Falabella;-1,53842124773249;3,58058848604883;16,3787;2,7039;231427,70755541;13,674799999999998
1040;2016-08-30;Falabella;-1,55989306366254;5,77374525795702;16,4984;2,7113;232269,69808908;13,7871
1041;2016-09-30;Falabella;-1,59730856194348;4,50899026825206;16,8447;2,705;233147,0156;14,1397
1042;2016-10-30;Falabella;-1,65026431749572;2,18073554688548;17,0642;2,7081;232223,63659347;14,3561
1043;2016-11-30;Falabella;-1,66657560603592;3,51819707926029;17,0273;2,6703;234678,355714603;14,357
1044;2016-12-30;Falabella;-1,52333307649038;3,47941209391209;17,1565;2,6303;234802,958740691;14,526200000000001
1045;2017-01-30;Falabella;-1,39707732059816;5,01618303367953;17,7387;2,7;231878,155603592;15,038700000000002
1046;2017-02-30;Falabella;-1,45593002510999;0,787434462023569;17,0679;2,7339;232033,630864814;14,334000000000001
1047;2017-03-30;Falabella;-1,35585910824538;1,16379585033846;16,9577;2,7077;231483,69539101;14,25
1048;2017-04-30;Falabella;-1,37609699526783;0,312176167669932;16,844;2,7083;231732,418459482;14,135700000000002
1049;2017-05-30;Falabella;-1,15540943255974;3,6584833367899;16,7794;2,7294;233202,820744494;14,049999999999999
1050;2017-06-30;Falabella;-1,17960904648308;3,97016280935115;17,084;2,7223;233091,202663926;14,361699999999999
1051;2017-07-30;Falabella;-1,05077015212097;2,23023573365417;17,0961;2,6939;234586,259024844;14,4022
1052;2017-08-30;Falabella;-1,0039255969115;2,8604754231328;16,9332;2,6571;235217,013544844;14,2761
1053;2017-09-30;Falabella;-0,991921837810476;3,35308282776933;16,6457;2,596;237583,524436263;14,049700000000001
1054;2017-10-30;Falabella;-1,03446706708974;3,60973198180482;16,4035;2,5858;238533,98464101;13,817700000000002
1055;2017-11-30;Falabella;-1,05819088985355;2,03212270846349;16,1023;2,5397;241891,656214012;13,5626
1056;2017-12-30;Falabella;-1,03472387354864;1,41887025613422;15,7974;2,461;243367,009744844;13,3364
1057;2018-01-30;Falabella;8,08185286063589;2,87233496226407;15,8884;2,4206;242941,760741095;13,4678
1058;2018-02-30;Falabella;8,03675943578992;2,71425300120006;15,6932;2,3446;245334,86868;13,3486
1059;2018-03-30;Falabella;7,66436127219658;3,8814633366802;15,1135;2,2861;246351,202016148;12,8274
1060;2018-04-30;Falabella;7,50718641012122;8,084233111352;14,347;2,2337;249116,793695291;12,113299999999999
1061;2018-05-30;Falabella;7,58142120202101;6,70725904443513;14,0677;2,1994;252163,211933841;11,868300000000001
1062;2018-06-30;Falabella;7,74605383920147;2,07181626049809;14,0947;2,26;253301,933239413;11,8347
1063;2018-07-30;Falabella;7,87125953966447;2,60707391223498;14,0626;2,2606;254421,797173841;11,802
1064;2018-08-30;Falabella;7,77926711094974;2,32022079624739;14,2242;2,2616;256503,807181553;11,9626
1065;2018-09-30;Falabella;3,61426635269542;2,39025390732122;14,302;2,2863;258816,6135;12,015699999999999
1066;2018-10-30;Falabella;3,14568861240325;4,08424499495933;14,1619;2,3381;262213,119146969;11,823799999999999
1067;2018-11-30;Falabella;3,12349611764323;5,05984750171066;14,2185;2,353;264496,08236;11,8655
1068;2018-12-30;Falabella;2,97246679870864;4,70875013950894;14,2958;2,3594;267601,59422432;11,936399999999999
1069;2019-01-30;Falabella;2,95070737138368;1,68204536506575;14,321;2,4245;265517,052688956;11,8965
1070;2019-02-30;Falabella;2,76647929414352;2,08192064619262;14,3586;2,4704;264617,017414623;11,8882
1071;2019-03-30;Falabella;2,76271050164728;3,38565671233177;14,4926;2,4184;268155,642070597;12,0742
1072;2019-04-30;Falabella;2,79859196343218;-0,00370655104660235;14,509;2,4783;268798,917735074;12,0307
1073;2019-05-30;Falabella;3,04543997635074;0,689357311198934;14,4781;2,4839;272208,722555459;11,9942
1074;2019-06-30;Falabella;3,09786712150931;2,8184051537171;14,589;2,4923;272167,815575488;12,0967
1075;2019-07-30;Falabella;2,97299086010732;3,93022450861361;14,501;2,4655;274252,564675074;12,035499999999999
1076;2019-08-30;Falabella;2,88494054152712;3,71508023590506;14,4355;2,4068;278775,3476757;12,028699999999999
1077;2019-09-30;Falabella;2,88329057012891;2,53124314155433;14,4193;2,3203;279218,395525627;12,099
1078;2019-10-30;Falabella;2,87517983073631;2,70764198774884;14,2445;2,2823;282695,597197098;11,9622
1079;2019-11-30;Falabella;2,8651024053749;2,31063247935892;14,192;2,266;285104,147780919;11,926
1080;2019-12-30;Falabella;2,84998988742006;1,2406739415473;14,0848;2,1952;283417,612610272;11,8896
1081;2020-01-30;Falabella;2,90889820507364;3,30328579210706;14,351;2,1571;284480,616991903;12,193900000000001
1082;2020-02-30;Falabella;2,83415965684327;4,57990369607169;14,2166;2,1403;287509,080545274;12,0763
1083;2020-03-30;Falabella;3,25849633377957;-17,6060068593198;14,0555;2,0994;292520,521325249;11,9561
1084;2020-04-30;Falabella;4,03549009561008;-39,276985716532;13,3643;1,9517;294981,865972206;11,4126
1085;2020-05-30;Falabella;4,65875854384371;-32,727246502532;12,7823;1,7423;317901,940662927;11,04
1086;2020-06-30;Falabella;5,13164106946982;-18,1034455760272;12,4427;1,4927;323619,763992646;10,950000000000001
1087;2020-07-30;Falabella;5,45415992846641;-11,0192247908879;12,2887;1,3048;328728,354384708;10,9839
1088;2020-08-30;Falabella;6,32603479509627;-9,1655146146572;12,3435;1,1994;330282,552725012;11,1441
1089;2020-09-30;Falabella;5,95838564920489;-5,86720943430298;12,4423;1,1513;329715,208692015;11,291
1090;2020-10-30;Falabella;4,62763057944325;-3,25483448382076;12,4984;1,1065;329466,619187729;11,3919
1091;2020-11-30;Falabella;4,72408540232164;-2,10701610176808;12,3737;1,0603;330898,145004204;11,3134
1092;2020-12-30;Falabella;4,68596171554336;1,03032310851424;12,101;1,01;330497,714999158;11,091000000000001
1093;2021-01-30;Falabella;4,49172884936523;-0,997341320021622;12,0323;0,9526;322545,157791186;11,079699999999999
1094;2021-02-30;Falabella;3,86199997911801;-3,82132610746839;11,8846;0,9139;325538,713886489;10,9707
1095;2021-03-30;Falabella;3,25485642858464;19,8682137808316;11,1365;0,8919;330091,565388301;10,2446
1096;2021-04-30;Falabella;3,00937064503881;59,8947623291564;11,0793;0,8914;334027,12164637;10,187899999999999
1097;2021-05-30;Falabella;3,23003448657172;48,5993221115384;10,8042;0,8623;339745,11524814;9,9419
1098;2021-06-30;Falabella;3,05488384103379;23,4110933239464;10,683;0,819;346308,316824556;9,864
1099;2021-07-30;Falabella;2,59752080219467;13,3172829771082;10,6816;0,7865;356316,82537433;9,8951
1100;2021-08-30;Falabella;2,31386005438573;12,0115996029552;10,6861;0,7632;352728,81126038;9,9229
1101;2021-09-30;Falabella;2,07138191691107;10,0310469174935;10,4913;0,7803;353224,181395059;9,711
1102;2021-10-30;Falabella;1,88432606366601;4,76941227826566;10,5577;0,8197;348531,963698612;9,738000000000001
1103;2021-11-30;Falabella;1,74629834524457;3,75939452387283;10,7307;0,9177;351524,562791852;9,813
1104;2021-12-30;Falabella;1,73524193903552;2,03857895343596;10,9868;1,0332;351547,028702497;9,953600000000002
1105;2022-01-30;Falabella;1,81894430929299;3,07233820894321;11,1277;1,1216;347860,89644456;10,0061
1106;2022-02-30;Falabella;1,87335808795935;4,84817141819692;11,2939;1,3082;349410,614110348;9,985700000000001
1107;2022-03-30;Falabella;1,93948600390638;3,90609081039353;11,5168;1,4668;352219,544574875;10,05
1108;2022-04-30;Falabella;2,07117151322291;4,05956735448008;11,8497;1,5737;356360,952277521;10,276
1109;2022-05-30;Falabella;2,42748546823669;2,55561245088643;12,1248;1,8519;355562,181344763;10,2729
1110;2022-06-30;Falabella;2,652080780943;3,73340672963062;12,4933;2,0823;361021,846173373;10,411
1111;2022-07-30;Falabella;3,02216804322569;1,99929995548116;12,6616;2,2897;369690,15928018;10,3719
1112;2022-08-30;Falabella;3,27621211989539;2,00923450710866;12,9406;2,4726;366647,946617273;10,468
1113;2022-09-30;Falabella;3,59847993159226;2,1575485636082;13,3757;2,6123;369424,002927107;10,7634
1114;2022-10-30;Falabella;3,7224334801603;2,60004901094656;13,5935;2,7542;366395,936714041;10,839300000000001
1115;2022-11-30;Falabella;3,86037025853386;2,19611119378252;13,926;2,9257;362694,817549764;11,0003
1116;2022-12-30;Falabella;4,13240740141558;1,28549481803624;14,2635;2,9706;359700,887677788;11,2929
1117;2023-01-30;Falabella;4,5856361618296;-0,57827332938386;14,4623;3,1671;358160,728410833;11,295200000000001
1118;2023-02-30;Falabella;4,63904607893138;-0,349595705654184;14,7364;3,3196;355361,513441952;11,4168
1119;2023-03-30;Falabella;4,97154303647717;0,832314576504402;14,8803;3,4381;358265,32925923;11,4422
1120;2023-04-30;Falabella;5,29282988744574;0,691224584296832;15,1693;3,5837;357840,458055733;11,5856
1121;2023-05-30;Falabella;6,07859117844616;-1,17093071981193;15,2971;3,7155;356116,540382048;11,5816
1122;2023-06-30;Falabella;6,43551237640113;-0,695984429638633;15,539;3,7597;354603,589179229;11,7793
1123;2023-07-30;Falabella;6,69251982741056;-1,01583755810768;15,6423;3,8658;353847,808119614;11,7765
1124;2023-08-30;Falabella;6,58205351165877;0,0614750474334791;15,7516;3,9045;356416,541034821;11,8471
1125;2023-09-30;Falabella;6,64874542291307;-0,906756202466222;15,9513;3,963;359108,185513356;11,988299999999999
1126;2023-10-30;Falabella;6,69022298494146;-0,682307691141691;15,9116;3,9019;359937,811494317;12,0097
1127;2023-11-30;Falabella;6,9165615666661;0,701153437700412;15,876;3,7447;357828,458321504;12,1313
1128;2023-12-30;Falabella;7,03149899254905;-0,945679280085103;15,8642;3,5484;357746,005812666;12,3158
1129;2024-01-30;Falabella;6,54139560666262;1,83097461976354;15,8087;3,4516;355455,149034539;12,357099999999999
1130;2024-02-30;Falabella;6,25933693615984;3,16241000807473;15,7303;3,3383;351565,53394342;12,392
1131;2024-03-30;Falabella;5,98207054071159;-0,409690120959002;15,76;3,2448;353331,905670393;12,5152
1132;2024-04-30;Falabella;6,17724624040011;5,52986981371346;15,734;3,1577;356241,641699629;12,5763
1133;2024-05-30;Falabella;6,44;5,70691310837814;15,7542;3,0468;357552,518811107;12,7074
1134;2024-06-30;Falabella;6,39;0,370585322038706;15,6527;2,9473;366420,50177239;12,7054
1135;2024-07-30;Falabella;6,10212057503949;4,85868197288225;15,081;2,7852;364559,672342253;12,2958
1136;2024-08-30;Falabella;4,79085234208445;3,97028100948149;14,9261;2,6448;366002,017201794;12,2813
1137;2024-09-30;Falabella;4,35378927259477;3,49053235679599;14,7177;2,6053;361085,629076086;12,112400000000001
1138;2024-10-30;Falabella;3,59004311514792;3,83110341773776;14,7445;2,561;357635,416378008;12,1835
1139;2024-11-30;Falabella;3,41;4,38200682962149;14,781;2,5237;357014,157664061;12,2573
1140;2024-12-30;Falabella;3,26;5,06622215564914;14,8781;2,42;357677,259424096;12,4581
1141;2025-01-30;Falabella;3,45;4,40268408625997;14,9906;2,3587;354760,01862769;12,631900000000002
1142;2025-02-30;Falabella;3,53;2,83135361395376;14,9064;2,3507;355585,444264296;12,5557
1143;2025-03-30;Falabella;3,48;4,77444217851402;14,7668;2,3426;360539,211660019;12,424199999999999
1144;2025-04-30;Falabella;3,49;1,29967380625761;14,9607;2,2863;363066,00391258;12,674399999999999
1145;2025-05-30;Falabella;3,63;2,02240324884952;14,9519;2,2671;366803,283034096;12,6848
1146;2025-06-30;Falabella;3,39;4,94005155999517;14,9807;2,2737;366620,72027072;12,707
1147;2025-07-30;Falabella;3,27;3,55064175415287;15,0445;2,1616;372582,021288069;12,8829
1148;2025-08-30;Falabella;3,23;3,16499600945614;15,149;2,1348;373750,315649748;13,014199999999999
1149;2025-09-30;Falabella;3,06;4,39260049012083;15,3507;2,1383;373053,47833963;13,212399999999999
1150;2025-10-30;Falabella;3,02;4,17632153639052;15,5555;2,12;372064,590718533;13,435500000000001
1151;2025-11-30;Falabella;3,06;1,58920236608024;15,7477;2,0993;378114,510368936;13,6484
1152;2025-12-30;Falabella;2,9;4,14063348002019;15,8871;1,9771;383542,1016983;13,91
1153;2010-01-30;Financiero;0,470115545222652;3,09973872260936;19,97548;1,444581;91470,2482158548;18,530899
1154;2010-02-30;Financiero;0,39167491346332;5,09543709179996;19,76036;1,39174;92459,18782068;18,36862
1155;2010-03-30;Financiero;0,208860724645894;8,13674194381058;19,48806;1,35968;94126,3081121465;18,12838
1156;2010-04-30;Financiero;0,108467409037262;7,9722443788201;19,39367;1,29767;95946,0098819624;18,096
1157;2010-05-30;Financiero;0,204157154078944;7,53505209738022;19,17935;1,33258;97873,2306796958;17,84677
1158;2010-06-30;Financiero;-0,165206434281518;12,8277818078601;19,124;1,38977;99082,4339075997;17,73423
1159;2010-07-30;Financiero;-0,130967868906359;9,91181998600019;18,205;1,4506;100791,651839417;16,754399999999997
1160;2010-08-30;Financiero;-0,327649197867335;8,72290742396025;18,0813;1,6216;99774,2127051353;16,459699999999998
1161;2010-09-30;Financiero;-0,518384550734755;10,06527640767;18,3447;1,748;99406,3336637612;16,5967
1162;2010-10-30;Financiero;-0,63858250194972;9,42619659579032;18,7145;1,839;100541,496064182;16,875500000000002
1163;2010-11-30;Financiero;-0,830086333517035;8,83483102372992;18,718;1,842;103422,060777227;16,876
1164;2010-12-30;Financiero;-0,975794878016768;7,81210224176022;18,733;1,802;104896,071719061;16,931
1165;2011-01-30;Financiero;-0,900312597199467;9,56527024911006;18,679;1,865;105702,78900746;16,814
1166;2011-02-30;Financiero;-1,06478457438327;8,05783062817041;18,58;1,989;107403,07598927;16,590999999999998
1167;2011-03-30;Financiero;-1,10068822178354;7,68532243598949;18,6542;2,0394;110860,9531216;16,6148
1168;2011-04-30;Financiero;-1,18909511687838;7,42563488842943;18,512;2,0897;114610,68941318;16,4223
1169;2011-05-30;Financiero;-1,21169294592577;5,54189993776013;18,4926;2,3042;117469,44059454;16,1884
1170;2011-06-30;Financiero;-1,28050994157421;2,98103131605997;18,581;2,477;118641,26299725;16,104
1171;2011-07-30;Financiero;-1,24330563215268;6,06507053676931;18,54;2,4761;120036,9824773;16,0639
1172;2011-08-30;Financiero;-1,30998905028786;6,48080840764941;18,659;2,5197;120983,04623169;16,1393
1173;2011-09-30;Financiero;-1,37925155940849;4,90474354881041;18,717;2,5533;122529,13554308;16,1637
1174;2011-10-30;Financiero;-1,39752710882393;4,45651581325019;19,0103;2,5842;123168,52310561;16,4261
1175;2011-11-30;Financiero;-1,34380949940084;4,74225301367989;18,849;2,5703;124573,8061602;16,2787
1176;2011-12-30;Financiero;-1,35779908674643;8,66690720500048;18,861;2,4681;127594,4615945;16,3929
1177;2012-01-30;Financiero;-1,33028593900604;5,45154968600407;19,0294;2,4645;128619,250751001;16,564899999999998
1178;2012-02-30;Financiero;-1,28271391134265;7,05454218784318;18,7579;2,5004;128618,768754377;16,2575
1179;2012-03-30;Financiero;-1,2596807084541;5,85691316374118;19,0135;2,5203;130336,955932312;16,4932
1180;2012-04-30;Financiero;-1,15616995613635;3,19711552540307;19,2147;2,4393;131099,764668099;16,7754
1181;2012-05-30;Financiero;-1,11601381660264;6,9171164679619;19,341;2,4561;135396,412392417;16,884900000000002
1182;2012-06-30;Financiero;-0,961106019980368;7,53631288857866;19,6167;2,4757;136587,360127535;17,141000000000002
1183;2012-07-30;Financiero;-0,888784709856151;7,25261754336291;19,469;2,4835;137632,713477335;16,985500000000002
1184;2012-08-30;Financiero;-0,898320904721086;7,06201511835402;19,4068;2,4274;138742,833903589;16,979400000000002
1185;2012-09-30;Financiero;-0,787996718260189;6,74548019154057;19,3003;2,4527;140098,644280677;16,8476
1186;2012-10-30;Financiero;-0,747506167690377;7,41634436032168;19,3323;2,4474;140619,089445488;16,884900000000002
1187;2012-11-30;Financiero;-0,76720448291882;6,06180649649839;19,2763;2,4423;141971,486761694;16,834
1188;2012-12-30;Financiero;-0,71953430746673;3,42503686357549;19,085;2,37;143381,752445136;16,715
1189;2013-01-30;Financiero;-0,894340079145991;6,45527800965146;19,4116;2,3774;143924,213626111;17,0342
1190;2013-02-30;Financiero;-0,86014066717538;5,08612805742209;19,27;2,3671;144967,892788439;16,9029
1191;2013-03-30;Financiero;-0,562258188870925;3,50645360666613;19,0781;2,2871;146983,042569046;16,791
1192;2013-04-30;Financiero;-0,402218151511363;8,82067463968362;19,0897;2,309;149588,04782395;16,7807
1193;2013-05-30;Financiero;-0,348069699475699;4,26285716421081;18,9452;2,3039;153200,527471291;16,6413
1194;2013-06-30;Financiero;-0,378862925763327;5,85480037508544;18,8077;2,3187;157619,942045018;16,489
1195;2013-07-30;Financiero;-0,539081199022918;5,31159859188824;18,4748;2,3271;159868,223628347;16,147699999999997
1196;2013-08-30;Financiero;-0,426279764688625;5,50543308658207;18,1187;2,3158;163789,801182292;15,802900000000001
1197;2013-09-30;Financiero;-0,334064201550786;4,86322588723548;17,5843;2,3467;164610,589487021;15,237599999999999
1198;2013-10-30;Financiero;-0,22981811772988;6,2085695594993;16,6471;2,3432;166348,164810084;14,303899999999999
1199;2013-11-30;Financiero;-0,161531197255121;7,28241158278986;16,3673;2,3327;170158,401818378;14,034600000000001
1200;2013-12-30;Financiero;-0,247409415583075;7,03298792251822;15,8765;2,2697;171751,523064292;13,6068
1201;2014-01-30;Financiero;-0,168897099467214;4,22779553969517;15,9881;2,2552;172329,943011801;13,732899999999999
1202;2014-02-30;Financiero;0,0524237809281951;5,20778584573871;15,8071;2,2636;173515,547867492;13,5435
1203;2014-03-30;Financiero;0,164761441120656;5,41175050657321;15,6132;2,2732;175851,686060143;13,34
1204;2014-04-30;Financiero;0,288926628036215;2,9227670766698;15,5293;2,2957;177923,043139245;13,2336
1205;2014-05-30;Financiero;0,437637290065437;2,59010248818859;15,6132;2,3419;179043,133266155;13,2713
1206;2014-06-30;Financiero;0,40852403949406;0,377809386320063;16,0437;2,403;182625,504765777;13,6407
1207;2014-07-30;Financiero;0,71402858030822;1,44969443766443;15,9294;2,3829;183850,862135435;13,5465
1208;2014-08-30;Financiero;0,779843124776219;1,35321229346922;15,8752;2,3319;185421,418434124;13,543299999999999
1209;2014-09-30;Financiero;0,627018413644255;2,67337539829948;15,689;2,324;187783,967748193;13,365
1210;2014-10-30;Financiero;0,389477137151051;2,27379963938056;15,5535;2,3087;190413,12089967;13,2448
1211;2014-11-30;Financiero;0,602041059242718;0,157929164213429;15,6087;2,2923;192240,760977915;13,316400000000002
1212;2014-12-30;Financiero;0,540740422974212;0,794857324711063;15,6694;2,2739;194937,779817565;13,3955
1213;2015-01-30;Financiero;0,734931700071527;1,56136027088578;16,1668;2,2448;197122,269584258;13,921999999999999
1214;2015-02-30;Financiero;1,95172541955586;1,23388958685352;15,9979;2,22;198325,232429746;13,777899999999999
1215;2015-03-30;Financiero;0,679527273208775;2,93665474858232;16,0777;2,2281;202798,239654182;13,8496
1216;2015-04-30;Financiero;0,756128044846854;4,19795086562356;15,9223333333333;2,21466666666667;206559,06471937;13,707666666666631
1217;2015-05-30;Financiero;0,942260874994283;1,28310541124468;16,0042;2,2732;209835,686276021;13,731000000000002
1218;2015-06-30;Financiero;0,877069438009132;4,0852915674958;16,1823;2,2477;210598,22149881;13,934600000000001
1219;2015-07-30;Financiero;1,12831151871153;3,60261789062785;16,1542;2,2132;212490,570574082;13,940999999999999
1220;2015-08-30;Financiero;1,04157485746151;2,66923547239152;16,2516;2,2558;216960,582850091;13,9958
1221;2015-09-30;Financiero;0,917915858134753;3,1878615346694;16,0927;2,365;219330,718134439;13,7277
1222;2015-10-30;Financiero;1,05736167328577;3,27340498190499;16,2439;2,37870967741936;221930,655338288;13,86519032258064
1223;2015-11-30;Financiero;1,04228677784021;3,9419272426407;16,083;2,424;225923,716490611;13,658999999999999
1224;2015-12-30;Financiero;2,39438214968189;6,50665717154398;16,0933;2,4073;225466,907267483;13,686
1225;2016-01-30;Financiero;2,0073409828872;3,54102729192158;16,2358;2,4981;227274,63900488;13,7377
1226;2016-02-30;Financiero;1,95172541955586;6,42433385603047;16,1293;2,57;229411,005103949;13,5593
1227;2016-03-30;Financiero;1,49922169937087;3,54940732384805;16,0516;2,6139;226870,296620517;13,4377
1228;2016-04-30;Financiero;1,47376414955544;2,76647916648216;15,9873;2,6137;227683,365987705;13,3736
1229;2016-05-30;Financiero;1,73795597104067;4,87350380260541;16,0206;2,7061;228232,064959727;13,314500000000002
1230;2016-06-30;Financiero;2,11114388597203;3,57853940223563;16,2;2,6457;228166,448775348;13,5543
1231;2016-07-30;Financiero;2,10622204366074;3,58058848604883;16,3787;2,7039;231427,70755541;13,674799999999998
1232;2016-08-30;Financiero;2,43724260858268;5,77374525795702;16,4984;2,7113;232269,69808908;13,7871
1233;2016-09-30;Financiero;2,62361922546353;4,50899026825206;16,8447;2,705;233147,0156;14,1397
1234;2016-10-30;Financiero;2,6456145358877;2,18073554688548;17,0642;2,7081;232223,63659347;14,3561
1235;2016-11-30;Financiero;2,38206371418657;3,51819707926029;17,0273;2,6703;234678,355714603;14,357
1236;2016-12-30;Financiero;2,39438214968189;3,47941209391209;17,1565;2,6303;234802,958740691;14,526200000000001
1237;2017-01-30;Financiero;2,6633392824554;5,01618303367953;17,7387;2,7;231878,155603592;15,038700000000002
1238;2017-02-30;Financiero;2,74834176103418;0,787434462023569;17,0679;2,7339;232033,630864814;14,334000000000001
1239;2017-03-30;Financiero;3,26779760467926;1,16379585033846;16,9577;2,7077;231483,69539101;14,25
1240;2017-04-30;Financiero;2,79914449357921;0,312176167669932;16,844;2,7083;231732,418459482;14,135700000000002
1241;2017-05-30;Financiero;2,97737637731765;3,6584833367899;16,7794;2,7294;233202,820744494;14,049999999999999
1242;2017-06-30;Financiero;2,8734286989026;3,97016280935115;17,084;2,7223;233091,202663926;14,361699999999999
1243;2017-07-30;Financiero;2,85770216697926;2,23023573365417;17,0961;2,6939;234586,259024844;14,4022
1244;2017-08-30;Financiero;2,93478817556485;2,8604754231328;16,9332;2,6571;235217,013544844;14,2761
1245;2017-09-30;Financiero;2,8261080671535;3,35308282776933;16,6457;2,596;237583,524436263;14,049700000000001
1246;2017-10-30;Financiero;2,7168951212996;3,60973198180482;16,4035;2,5858;238533,98464101;13,817700000000002
1247;2017-11-30;Financiero;2,61420981737298;2,03212270846349;16,1023;2,5397;241891,656214012;13,5626
1248;2017-12-30;Financiero;2,50812251748388;1,41887025613422;15,7974;2,461;243367,009744844;13,3364
1249;2018-01-30;Financiero;3,79320980360079;2,87233496226407;15,8884;2,4206;242941,760741095;13,4678
1250;2018-02-30;Financiero;3,91440632520186;2,71425300120006;15,6932;2,3446;245334,86868;13,3486
1251;2018-03-30;Financiero;3,76208349959424;3,8814633366802;15,1135;2,2861;246351,202016148;12,8274
1252;2018-04-30;Financiero;3,75563821723839;8,084233111352;14,347;2,2337;249116,793695291;12,113299999999999
1253;2018-05-30;Financiero;3,71844062066982;6,70725904443513;14,0677;2,1994;252163,211933841;11,868300000000001
1254;2018-06-30;Financiero;3,58211591977684;2,07181626049809;14,0947;2,26;253301,933239413;11,8347
1255;2018-07-30;Financiero;3,82972220764087;2,60707391223498;14,0626;2,2606;254421,797173841;11,802
1256;2018-08-30;Financiero;3,75319938465286;2,32022079624739;14,2242;2,2616;256503,807181553;11,9626
1257;2018-09-30;Financiero;3,4895533718105;2,39025390732122;14,302;2,2863;258816,6135;12,015699999999999
1258;2018-10-30;Financiero;3,60832312757763;4,08424499495933;14,1619;2,3381;262213,119146969;11,823799999999999
1259;2018-11-30;Financiero;3,65487528229517;5,05984750171066;14,2185;2,353;264496,08236;11,8655
1260;2018-12-30;Financiero;3,44581580542592;4,70875013950894;14,2958;2,3594;267601,59422432;11,936399999999999
1261;2019-01-30;Financiero;3,58303283473896;1,68204536506575;14,321;2,4245;265517,052688956;11,8965
1262;2019-02-30;Financiero;3,87705999471065;2,08192064619262;14,3586;2,4704;264617,017414623;11,8882
1263;2019-03-30;Financiero;3,69981229660251;3,38565671233177;14,4926;2,4184;268155,642070597;12,0742
1264;2019-04-30;Financiero;3,59152088864437;-0,00370655104660235;14,509;2,4783;268798,917735074;12,0307
1265;2019-05-30;Financiero;3,70948958790129;0,689357311198934;14,4781;2,4839;272208,722555459;11,9942
1266;2019-06-30;Financiero;3,8839422855736;2,8184051537171;14,589;2,4923;272167,815575488;12,0967
1267;2019-07-30;Financiero;3,79713104897662;3,93022450861361;14,501;2,4655;274252,564675074;12,035499999999999
1268;2019-08-30;Financiero;3,99872763674974;3,71508023590506;14,4355;2,4068;278775,3476757;12,028699999999999
1269;2019-09-30;Financiero;4,02732296694894;2,53124314155433;14,4193;2,3203;279218,395525627;12,099
1270;2019-10-30;Financiero;3,89477741671071;2,70764198774884;14,2445;2,2823;282695,597197098;11,9622
1271;2019-11-30;Financiero;3,82538432560896;2,31063247935892;14,192;2,266;285104,147780919;11,926
1272;2019-12-30;Financiero;4,03171094237971;1,2406739415473;14,0848;2,1952;283417,612610272;11,8896
1273;2020-01-30;Financiero;4,35949310734192;3,30328579210706;14,351;2,1571;284480,616991903;12,193900000000001
1274;2020-02-30;Financiero;4,24208167601825;4,57990369607169;14,2166;2,1403;287509,080545274;12,0763
1275;2020-03-30;Financiero;4,57433242413683;-17,6060068593198;14,0555;2,0994;292520,521325249;11,9561
1276;2020-04-30;Financiero;4,7531721027651;-39,276985716532;13,3643;1,9517;294981,865972206;11,4126
1277;2020-05-30;Financiero;3,91720095502383;-32,727246502532;12,7823;1,7423;317901,940662927;11,04
1278;2020-06-30;Financiero;4,32318981504126;-18,1034455760272;12,4427;1,4927;323619,763992646;10,950000000000001
1279;2020-07-30;Financiero;4,00799131084111;-11,0192247908879;12,2887;1,3048;328728,354384708;10,9839
1280;2020-08-30;Financiero;3,96101988315953;-9,1655146146572;12,3435;1,1994;330282,552725012;11,1441
1281;2020-09-30;Financiero;4,23921729183979;-5,86720943430298;12,4423;1,1513;329715,208692015;11,291
1282;2020-10-30;Financiero;4,63820273991869;-3,25483448382076;12,4984;1,1065;329466,619187729;11,3919
1283;2020-11-30;Financiero;4,71170294156017;-2,10701610176808;12,3737;1,0603;330898,145004204;11,3134
1284;2020-12-30;Financiero;5,55419497476134;1,03032310851424;12,101;1,01;330497,714999158;11,091000000000001
1285;2021-01-30;Financiero;5,43051136692001;-0,997341320021622;12,0323;0,9526;322545,157791186;11,079699999999999
1286;2021-02-30;Financiero;5,64929084849607;-3,82132610746839;11,8846;0,9139;325538,713886489;10,9707
1287;2021-03-30;Financiero;5,5753871435578;19,8682137808316;11,1365;0,8919;330091,565388301;10,2446
1288;2021-04-30;Financiero;5,77796996906588;59,8947623291564;11,0793;0,8914;334027,12164637;10,187899999999999
1289;2021-05-30;Financiero;5,9562366278892;48,5993221115384;10,8042;0,8623;339745,11524814;9,9419
1290;2021-06-30;Financiero;6,30713196691853;23,4110933239464;10,683;0,819;346308,316824556;9,864
1291;2021-07-30;Financiero;6,37015601263577;13,3172829771082;10,6816;0,7865;356316,82537433;9,8951
1292;2021-08-30;Financiero;6,06983041600418;12,0115996029552;10,6861;0,7632;352728,81126038;9,9229
1293;2021-09-30;Financiero;5,78098724312643;10,0310469174935;10,4913;0,7803;353224,181395059;9,711
1294;2021-10-30;Financiero;5,63427053423185;4,76941227826566;10,5577;0,8197;348531,963698612;9,738000000000001
1295;2021-11-30;Financiero;5,79724721211947;3,75939452387283;10,7307;0,9177;351524,562791852;9,813
1296;2021-12-30;Financiero;5,39895045265845;2,03857895343596;10,9868;1,0332;351547,028702497;9,953600000000002
1297;2022-01-30;Financiero;5,58835937829864;3,07233820894321;11,1277;1,1216;347860,89644456;10,0061
1298;2022-02-30;Financiero;5,59601162939162;4,84817141819692;11,2939;1,3082;349410,614110348;9,985700000000001
1299;2022-03-30;Financiero;5,46530770390993;3,90609081039353;11,5168;1,4668;352219,544574875;10,05
1300;2022-04-30;Financiero;5,51329004067724;4,05956735448008;11,8497;1,5737;356360,952277521;10,276
1301;2022-05-30;Financiero;5,81161838541807;2,55561245088643;12,1248;1,8519;355562,181344763;10,2729
1302;2022-06-30;Financiero;5,8593106914637;3,73340672963062;12,4933;2,0823;361021,846173373;10,411
1303;2022-07-30;Financiero;6,305134771058;1,99929995548116;12,6616;2,2897;369690,15928018;10,3719
1304;2022-08-30;Financiero;6,26501903916598;2,00923450710866;12,9406;2,4726;366647,946617273;10,468
1305;2022-09-30;Financiero;5,60737313705884;2,1575485636082;13,3757;2,6123;369424,002927107;10,7634
1306;2022-10-30;Financiero;5,59982716851801;2,60004901094656;13,5935;2,7542;366395,936714041;10,839300000000001
1307;2022-11-30;Financiero;5,39352276833942;2,19611119378252;13,926;2,9257;362694,817549764;11,0003
1308;2022-12-30;Financiero;5,50879521728599;1,28549481803624;14,2635;2,9706;359700,887677788;11,2929
1309;2023-01-30;Financiero;5,81415761128274;-0,57827332938386;14,4623;3,1671;358160,728410833;11,295200000000001
1310;2023-02-30;Financiero;5,97011465130419;-0,349595705654184;14,7364;3,3196;355361,513441952;11,4168
1311;2023-03-30;Financiero;5,85854263835887;0,832314576504402;14,8803;3,4381;358265,32925923;11,4422
1312;2023-04-30;Financiero;6,11618797499967;0,691224584296832;15,1693;3,5837;357840,458055733;11,5856
1313;2023-05-30;Financiero;6,12562546145871;-1,17093071981193;15,2971;3,7155;356116,540382048;11,5816
1314;2023-06-30;Financiero;5,93531322034045;-0,695984429638633;15,539;3,7597;354603,589179229;11,7793
1315;2023-07-30;Financiero;6,27651602094431;-1,01583755810768;15,6423;3,8658;353847,808119614;11,7765
1316;2023-08-30;Financiero;6,48508099269828;0,0614750474334791;15,7516;3,9045;356416,541034821;11,8471
1317;2023-09-30;Financiero;6,43228810397256;-0,906756202466222;15,9513;3,963;359108,185513356;11,988299999999999
1318;2023-10-30;Financiero;6,65560300337626;-0,682307691141691;15,9116;3,9019;359937,811494317;12,0097
1319;2023-11-30;Financiero;6,45291466380016;0,701153437700412;15,876;3,7447;357828,458321504;12,1313
1320;2023-12-30;Financiero;6,5473822237471;-0,945679280085103;15,8642;3,5484;357746,005812666;12,3158
1321;2024-01-30;Financiero;6,62614390191178;1,83097461976354;15,8087;3,4516;355455,149034539;12,357099999999999
1322;2024-02-30;Financiero;6,7452893514811;3,16241000807473;15,7303;3,3383;351565,53394342;12,392
1323;2024-03-30;Financiero;7,14999253303944;-0,409690120959002;15,76;3,2448;353331,905670393;12,5152
1324;2024-04-30;Financiero;7,39098862969293;5,52986981371346;15,734;3,1577;356241,641699629;12,5763
1325;2024-05-30;Financiero;7,17;5,70691310837814;15,7542;3,0468;357552,518811107;12,7074
1326;2024-06-30;Financiero;7,54;0,370585322038706;15,6527;2,9473;366420,50177239;12,7054
1327;2024-07-30;Financiero;7,18085837215897;4,85868197288225;15,081;2,7852;364559,672342253;12,2958
1328;2024-08-30;Financiero;6,80092237719002;3,97028100948149;14,9261;2,6448;366002,017201794;12,2813
1329;2024-09-30;Financiero;6,96159054082493;3,49053235679599;14,7177;2,6053;361085,629076086;12,112400000000001
1330;2024-10-30;Financiero;6,93541632632987;3,83110341773776;14,7445;2,561;357635,416378008;12,1835
1331;2024-11-30;Financiero;6,81;4,38200682962149;14,781;2,5237;357014,157664061;12,2573
1332;2024-12-30;Financiero;6,75;5,06622215564914;14,8781;2,42;357677,259424096;12,4581
1333;2025-01-30;Financiero;6,94;4,40268408625997;14,9906;2,3587;354760,01862769;12,631900000000002
1334;2025-02-30;Financiero;6,92;2,83135361395376;14,9064;2,3507;355585,444264296;12,5557
1335;2025-03-30;Financiero;7,19;4,77444217851402;14,7668;2,3426;360539,211660019;12,424199999999999
1336;2025-04-30;Financiero;6,94;1,29967380625761;14,9607;2,2863;363066,00391258;12,674399999999999
1337;2025-05-30;Financiero;6,89;2,02240324884952;14,9519;2,2671;366803,283034096;12,6848
1338;2025-06-30;Financiero;6,58;4,94005155999517;14,9807;2,2737;366620,72027072;12,707
1339;2025-07-30;Financiero;6,38;3,55064175415287;15,0445;2,1616;372582,021288069;12,8829
1340;2025-08-30;Financiero;6,35;3,16499600945614;15,149;2,1348;373750,315649748;13,014199999999999
1341;2025-09-30;Financiero;6,54;4,39260049012083;15,3507;2,1383;373053,47833963;13,212399999999999
1342;2025-10-30;Financiero;6,68;4,17632153639052;15,5555;2,12;372064,590718533;13,435500000000001
1343;2025-11-30;Financiero;5,96;1,58920236608024;15,7477;2,0993;378114,510368936;13,6484
1344;2025-12-30;Financiero;6,43;4,14063348002019;15,8871;1,9771;383542,1016983;13,91
1345;2010-01-30;GNB;-0,524853186375757;3,09973872260936;19,97548;1,444581;91470,2482158548;18,530899
1346;2010-02-30;GNB;-0,556744059078594;5,09543709179996;19,76036;1,39174;92459,18782068;18,36862
1347;2010-03-30;GNB;-0,607144225618743;8,13674194381058;19,48806;1,35968;94126,3081121465;18,12838
1348;2010-04-30;GNB;-0,805770506705843;7,9722443788201;19,39367;1,29767;95946,0098819624;18,096
1349;2010-05-30;GNB;-0,546396140696819;7,53505209738022;19,17935;1,33258;97873,2306796958;17,84677
1350;2010-06-30;GNB;-0,208972959001162;12,8277818078601;19,124;1,38977;99082,4339075997;17,73423
1351;2010-07-30;GNB;-0,489926748496995;9,91181998600019;18,205;1,4506;100791,651839417;16,754399999999997
1352;2010-08-30;GNB;-0,0894725803116936;8,72290742396025;18,0813;1,6216;99774,2127051353;16,459699999999998
1353;2010-09-30;GNB;-0,688296526559291;10,06527640767;18,3447;1,748;99406,3336637612;16,5967
1354;2010-10-30;GNB;-0,834398254540486;9,42619659579032;18,7145;1,839;100541,496064182;16,875500000000002
1355;2010-11-30;GNB;-1,12770497404027;8,83483102372992;18,718;1,842;103422,060777227;16,876
1356;2010-12-30;GNB;-1,34835766450617;7,81210224176022;18,733;1,802;104896,071719061;16,931
1357;2011-01-30;GNB;-1,30255603514841;9,56527024911006;18,679;1,865;105702,78900746;16,814
1358;2011-02-30;GNB;-1,09609696223498;8,05783062817041;18,58;1,989;107403,07598927;16,590999999999998
1359;2011-03-30;GNB;-1,29225274463518;7,68532243598949;18,6542;2,0394;110860,9531216;16,6148
1360;2011-04-30;GNB;-0,169063068858577;7,42563488842943;18,512;2,0897;114610,68941318;16,4223
1361;2011-05-30;GNB;-0,678362580517207;5,54189993776013;18,4926;2,3042;117469,44059454;16,1884
1362;2011-06-30;GNB;-0,782898111514132;2,98103131605997;18,581;2,477;118641,26299725;16,104
1363;2011-07-30;GNB;-0,762036579924678;6,06507053676931;18,54;2,4761;120036,9824773;16,0639
1364;2011-08-30;GNB;-1,1622891434364;6,48080840764941;18,659;2,5197;120983,04623169;16,1393
1365;2011-09-30;GNB;-0,64358831300009;4,90474354881041;18,717;2,5533;122529,13554308;16,1637
1366;2011-10-30;GNB;-0,9957398705418;4,45651581325019;19,0103;2,5842;123168,52310561;16,4261
1367;2011-11-30;GNB;-1,76860465659556;4,74225301367989;18,849;2,5703;124573,8061602;16,2787
1368;2011-12-30;GNB;-0,929904588383739;8,66690720500048;18,861;2,4681;127594,4615945;16,3929
1369;2012-01-30;GNB;-1,40351220015655;5,45154968600407;19,0294;2,4645;128619,250751001;16,564899999999998
1370;2012-02-30;GNB;-1,65089184923926;7,05454218784318;18,7579;2,5004;128618,768754377;16,2575
1371;2012-03-30;GNB;-1,34671621800079;5,85691316374118;19,0135;2,5203;130336,955932312;16,4932
1372;2012-04-30;GNB;-0,946943761946976;3,19711552540307;19,2147;2,4393;131099,764668099;16,7754
1373;2012-05-30;GNB;-0,946551742876477;6,9171164679619;19,341;2,4561;135396,412392417;16,884900000000002
1374;2012-06-30;GNB;-1,10779539696844;7,53631288857866;19,6167;2,4757;136587,360127535;17,141000000000002
1375;2012-07-30;GNB;-0,859459302400591;7,25261754336291;19,469;2,4835;137632,713477335;16,985500000000002
1376;2012-08-30;GNB;-0,800572125276598;7,06201511835402;19,4068;2,4274;138742,833903589;16,979400000000002
1377;2012-09-30;GNB;-0,787386460438684;6,74548019154057;19,3003;2,4527;140098,644280677;16,8476
1378;2012-10-30;GNB;-0,532601520643848;7,41634436032168;19,3323;2,4474;140619,089445488;16,884900000000002
1379;2012-11-30;GNB;-0,741821856491733;6,06180649649839;19,2763;2,4423;141971,486761694;16,834
1380;2012-12-30;GNB;-0,695657321595155;3,42503686357549;19,085;2,37;143381,752445136;16,715
1381;2013-01-30;GNB;-0,858297184411483;6,45527800965146;19,4116;2,3774;143924,213626111;17,0342
1382;2013-02-30;GNB;-0,85634475383326;5,08612805742209;19,27;2,3671;144967,892788439;16,9029
1383;2013-03-30;GNB;-0,926581662029119;3,50645360666613;19,0781;2,2871;146983,042569046;16,791
1384;2013-04-30;GNB;-1,11643242978369;8,82067463968362;19,0897;2,309;149588,04782395;16,7807
1385;2013-05-30;GNB;-1,08886875723045;4,26285716421081;18,9452;2,3039;153200,527471291;16,6413
1386;2013-06-30;GNB;-1,1071842936647;5,85480037508544;18,8077;2,3187;157619,942045018;16,489
1387;2013-07-30;GNB;-1,08350087244504;5,31159859188824;18,4748;2,3271;159868,223628347;16,147699999999997
1388;2013-08-30;GNB;-1,07139059619185;5,50543308658207;18,1187;2,3158;163789,801182292;15,802900000000001
1389;2013-09-30;GNB;-1,07099320886987;4,86322588723548;17,5843;2,3467;164610,589487021;15,237599999999999
1390;2013-10-30;GNB;-1,11326197119322;6,2085695594993;16,6471;2,3432;166348,164810084;14,303899999999999
1391;2013-11-30;GNB;-1,13746359388523;7,28241158278986;16,3673;2,3327;170158,401818378;14,034600000000001
1392;2013-12-30;GNB;-1,20820214070305;7,03298792251822;15,8765;2,2697;171751,523064292;13,6068
1393;2014-01-30;GNB;-1,17667713504833;4,22779553969517;15,9881;2,2552;172329,943011801;13,732899999999999
1394;2014-02-30;GNB;-1,07069269977736;5,20778584573871;15,8071;2,2636;173515,547867492;13,5435
1395;2014-03-30;GNB;-1,05732699467568;5,41175050657321;15,6132;2,2732;175851,686060143;13,34
1396;2014-04-30;GNB;-1,01165979687562;2,9227670766698;15,5293;2,2957;177923,043139245;13,2336
1397;2014-05-30;GNB;-1,08672261218282;2,59010248818859;15,6132;2,3419;179043,133266155;13,2713
1398;2014-06-30;GNB;-1,10842640524479;0,377809386320063;16,0437;2,403;182625,504765777;13,6407
1399;2014-07-30;GNB;-1,16044937824985;1,44969443766443;15,9294;2,3829;183850,862135435;13,5465
1400;2014-08-30;GNB;-1,08082314018009;1,35321229346922;15,8752;2,3319;185421,418434124;13,543299999999999
1401;2014-09-30;GNB;-1,08074651537549;2,67337539829948;15,689;2,324;187783,967748193;13,365
1402;2014-10-30;GNB;-0,958633814969908;2,27379963938056;15,5535;2,3087;190413,12089967;13,2448
1403;2014-11-30;GNB;-1,0454375101326;0,157929164213429;15,6087;2,2923;192240,760977915;13,316400000000002
1404;2014-12-30;GNB;-0,926909684084811;0,794857324711063;15,6694;2,2739;194937,779817565;13,3955
1405;2015-01-30;GNB;-0,863290386664123;1,56136027088578;16,1668;2,2448;197122,269584258;13,921999999999999
1406;2015-02-30;GNB;-0,691460386891394;1,23388958685352;15,9979;2,22;198325,232429746;13,777899999999999
1407;2015-03-30;GNB;-0,846160147567883;2,93665474858232;16,0777;2,2281;202798,239654182;13,8496
1408;2015-04-30;GNB;-0,854818634949005;4,19795086562356;15,9223333333333;2,21466666666667;206559,06471937;13,707666666666631
1409;2015-05-30;GNB;-0,849087567862297;1,28310541124468;16,0042;2,2732;209835,686276021;13,731000000000002
1410;2015-06-30;GNB;-0,936584520694697;4,0852915674958;16,1823;2,2477;210598,22149881;13,934600000000001
1411;2015-07-30;GNB;-0,792596972813844;3,60261789062785;16,1542;2,2132;212490,570574082;13,940999999999999
1412;2015-08-30;GNB;-0,937314798055026;2,66923547239152;16,2516;2,2558;216960,582850091;13,9958
1413;2015-09-30;GNB;-0,96465694600878;3,1878615346694;16,0927;2,365;219330,718134439;13,7277
1414;2015-10-30;GNB;-0,930759578740762;3,27340498190499;16,2439;2,37870967741936;221930,655338288;13,86519032258064
1415;2015-11-30;GNB;-0,890820338891668;3,9419272426407;16,083;2,424;225923,716490611;13,658999999999999
1416;2015-12-30;GNB;-0,834450710163369;6,50665717154398;16,0933;2,4073;225466,907267483;13,686
1417;2016-01-30;GNB;-0,969543386228377;3,54102729192158;16,2358;2,4981;227274,63900488;13,7377
1418;2016-02-30;GNB;-0,691460386891394;6,42433385603047;16,1293;2,57;229411,005103949;13,5593
1419;2016-03-30;GNB;-0,733291532878973;3,54940732384805;16,0516;2,6139;226870,296620517;13,4377
1420;2016-04-30;GNB;-0,626749212875894;2,76647916648216;15,9873;2,6137;227683,365987705;13,3736
1421;2016-05-30;GNB;-0,662942872784283;4,87350380260541;16,0206;2,7061;228232,064959727;13,314500000000002
1422;2016-06-30;GNB;-0,728276778872283;3,57853940223563;16,2;2,6457;228166,448775348;13,5543
1423;2016-07-30;GNB;-0,722952372804319;3,58058848604883;16,3787;2,7039;231427,70755541;13,674799999999998
1424;2016-08-30;GNB;-0,763104007396862;5,77374525795702;16,4984;2,7113;232269,69808908;13,7871
1425;2016-09-30;GNB;-0,690068817439435;4,50899026825206;16,8447;2,705;233147,0156;14,1397
1426;2016-10-30;GNB;-0,630614109154056;2,18073554688548;17,0642;2,7081;232223,63659347;14,3561
1427;2016-11-30;GNB;-0,668668179100941;3,51819707926029;17,0273;2,6703;234678,355714603;14,357
1428;2016-12-30;GNB;-0,834450710163369;3,47941209391209;17,1565;2,6303;234802,958740691;14,526200000000001
1429;2017-01-30;GNB;-0,645636781168147;5,01618303367953;17,7387;2,7;231878,155603592;15,038700000000002
1430;2017-02-30;GNB;-0,630498740654501;0,787434462023569;17,0679;2,7339;232033,630864814;14,334000000000001
1431;2017-03-30;GNB;-0,608926953438236;1,16379585033846;16,9577;2,7077;231483,69539101;14,25
1432;2017-04-30;GNB;-0,581811890293285;0,312176167669932;16,844;2,7083;231732,418459482;14,135700000000002
1433;2017-05-30;GNB;-0,237219449169438;3,6584833367899;16,7794;2,7294;233202,820744494;14,049999999999999
1434;2017-06-30;GNB;-0,446625952889376;3,97016280935115;17,084;2,7223;233091,202663926;14,361699999999999
1435;2017-07-30;GNB;-0,496087308195184;2,23023573365417;17,0961;2,6939;234586,259024844;14,4022
1436;2017-08-30;GNB;-0,455901086478517;2,8604754231328;16,9332;2,6571;235217,013544844;14,2761
1437;2017-09-30;GNB;-0,504848916950177;3,35308282776933;16,6457;2,596;237583,524436263;14,049700000000001
1438;2017-10-30;GNB;-0,507140422270235;3,60973198180482;16,4035;2,5858;238533,98464101;13,817700000000002
1439;2017-11-30;GNB;-0,401975992602419;2,03212270846349;16,1023;2,5397;241891,656214012;13,5626
1440;2017-12-30;GNB;-0,813814547929007;1,41887025613422;15,7974;2,461;243367,009744844;13,3364
1441;2018-01-30;GNB;2,92762427004351;2,87233496226407;15,8884;2,4206;242941,760741095;13,4678
1442;2018-02-30;GNB;2,86468315174598;2,71425300120006;15,6932;2,3446;245334,86868;13,3486
1443;2018-03-30;GNB;2,91554695522827;3,8814633366802;15,1135;2,2861;246351,202016148;12,8274
1444;2018-04-30;GNB;2,88681443448944;8,084233111352;14,347;2,2337;249116,793695291;12,113299999999999
1445;2018-05-30;GNB;2,78142113286407;6,70725904443513;14,0677;2,1994;252163,211933841;11,868300000000001
1446;2018-06-30;GNB;2,94196884187572;2,07181626049809;14,0947;2,26;253301,933239413;11,8347
1447;2018-07-30;GNB;3,00485594462863;2,60707391223498;14,0626;2,2606;254421,797173841;11,802
1448;2018-08-30;GNB;3,23474669841116;2,32022079624739;14,2242;2,2616;256503,807181553;11,9626
1449;2018-09-30;GNB;3,24308400923477;2,39025390732122;14,302;2,2863;258816,6135;12,015699999999999
1450;2018-10-30;GNB;3,39910798744299;4,08424499495933;14,1619;2,3381;262213,119146969;11,823799999999999
1451;2018-11-30;GNB;2,74194992994567;5,05984750171066;14,2185;2,353;264496,08236;11,8655
1452;2018-12-30;GNB;2,63060047503433;4,70875013950894;14,2958;2,3594;267601,59422432;11,936399999999999
1453;2019-01-30;GNB;2,79177618223438;1,68204536506575;14,321;2,4245;265517,052688956;11,8965
1454;2019-02-30;GNB;2,63050092911146;2,08192064619262;14,3586;2,4704;264617,017414623;11,8882
1455;2019-03-30;GNB;2,72386314649706;3,38565671233177;14,4926;2,4184;268155,642070597;12,0742
1456;2019-04-30;GNB;2,48392309412375;-0,00370655104660235;14,509;2,4783;268798,917735074;12,0307
1457;2019-05-30;GNB;2,6700450683777;0,689357311198934;14,4781;2,4839;272208,722555459;11,9942
1458;2019-06-30;GNB;2,69131173705373;2,8184051537171;14,589;2,4923;272167,815575488;12,0967
1459;2019-07-30;GNB;2,78506258308402;3,93022450861361;14,501;2,4655;274252,564675074;12,035499999999999
1460;2019-08-30;GNB;3,86621528304383;3,71508023590506;14,4355;2,4068;278775,3476757;12,028699999999999
1461;2019-09-30;GNB;3,9016766971424;2,53124314155433;14,4193;2,3203;279218,395525627;12,099
1462;2019-10-30;GNB;3,84294379314864;2,70764198774884;14,2445;2,2823;282695,597197098;11,9622
1463;2019-11-30;GNB;4,17331214716162;2,31063247935892;14,192;2,266;285104,147780919;11,926
1464;2019-12-30;GNB;4,28862997120379;1,2406739415473;14,0848;2,1952;283417,612610272;11,8896
1465;2020-01-30;GNB;3,83810443481542;3,30328579210706;14,351;2,1571;284480,616991903;12,193900000000001
1466;2020-02-30;GNB;3,84539626758564;4,57990369607169;14,2166;2,1403;287509,080545274;12,0763
1467;2020-03-30;GNB;4,09421104096578;-17,6060068593198;14,0555;2,0994;292520,521325249;11,9561
1468;2020-04-30;GNB;4,14589546793205;-39,276985716532;13,3643;1,9517;294981,865972206;11,4126
1469;2020-05-30;GNB;4,03110088629595;-32,727246502532;12,7823;1,7423;317901,940662927;11,04
1470;2020-06-30;GNB;4,01382641450332;-18,1034455760272;12,4427;1,4927;323619,763992646;10,950000000000001
1471;2020-07-30;GNB;4,34287065897231;-11,0192247908879;12,2887;1,3048;328728,354384708;10,9839
1472;2020-08-30;GNB;4,53879577535559;-9,1655146146572;12,3435;1,1994;330282,552725012;11,1441
1473;2020-09-30;GNB;5,4657022111962;-5,86720943430298;12,4423;1,1513;329715,208692015;11,291
1474;2020-10-30;GNB;5,48357125227169;-3,25483448382076;12,4984;1,1065;329466,619187729;11,3919
1475;2020-11-30;GNB;5,36253121127977;-2,10701610176808;12,3737;1,0603;330898,145004204;11,3134
1476;2020-12-30;GNB;3,88508945827059;1,03032310851424;12,101;1,01;330497,714999158;11,091000000000001
1477;2021-01-30;GNB;3,98792084345171;-0,997341320021622;12,0323;0,9526;322545,157791186;11,079699999999999
1478;2021-02-30;GNB;3,88699544684335;-3,82132610746839;11,8846;0,9139;325538,713886489;10,9707
1479;2021-03-30;GNB;3,94208920057019;19,8682137808316;11,1365;0,8919;330091,565388301;10,2446
1480;2021-04-30;GNB;4,2065140808743;59,8947623291564;11,0793;0,8914;334027,12164637;10,187899999999999
1481;2021-05-30;GNB;4,03555919803253;48,5993221115384;10,8042;0,8623;339745,11524814;9,9419
1482;2021-06-30;GNB;4,07957535623588;23,4110933239464;10,683;0,819;346308,316824556;9,864
1483;2021-07-30;GNB;4,3320855918077;13,3172829771082;10,6816;0,7865;356316,82537433;9,8951
1484;2021-08-30;GNB;4,19453912185509;12,0115996029552;10,6861;0,7632;352728,81126038;9,9229
1485;2021-09-30;GNB;4,14500460988615;10,0310469174935;10,4913;0,7803;353224,181395059;9,711
1486;2021-10-30;GNB;4,18602911528144;4,76941227826566;10,5577;0,8197;348531,963698612;9,738000000000001
1487;2021-11-30;GNB;4,44603370948927;3,75939452387283;10,7307;0,9177;351524,562791852;9,813
1488;2021-12-30;GNB;4,20828604027634;2,03857895343596;10,9868;1,0332;351547,028702497;9,953600000000002
1489;2022-01-30;GNB;4,19535160191538;3,07233820894321;11,1277;1,1216;347860,89644456;10,0061
1490;2022-02-30;GNB;4,21727786013922;4,84817141819692;11,2939;1,3082;349410,614110348;9,985700000000001
1491;2022-03-30;GNB;4,05310113744339;3,90609081039353;11,5168;1,4668;352219,544574875;10,05
1492;2022-04-30;GNB;4,11469324436449;4,05956735448008;11,8497;1,5737;356360,952277521;10,276
1493;2022-05-30;GNB;4,1501431703561;2,55561245088643;12,1248;1,8519;355562,181344763;10,2729
1494;2022-06-30;GNB;3,92740604449148;3,73340672963062;12,4933;2,0823;361021,846173373;10,411
1495;2022-07-30;GNB;3,8265459452943;1,99929995548116;12,6616;2,2897;369690,15928018;10,3719
1496;2022-08-30;GNB;3,72843669216901;2,00923450710866;12,9406;2,4726;366647,946617273;10,468
1497;2022-09-30;GNB;3,67259569521765;2,1575485636082;13,3757;2,6123;369424,002927107;10,7634
1498;2022-10-30;GNB;3,78819277165262;2,60004901094656;13,5935;2,7542;366395,936714041;10,839300000000001
1499;2022-11-30;GNB;3,73571503577529;2,19611119378252;13,926;2,9257;362694,817549764;11,0003
1500;2022-12-30;GNB;3,72798593528717;1,28549481803624;14,2635;2,9706;359700,887677788;11,2929
1501;2023-01-30;GNB;3,70799414372267;-0,57827332938386;14,4623;3,1671;358160,728410833;11,295200000000001
1502;2023-02-30;GNB;3,90682462096942;-0,349595705654184;14,7364;3,3196;355361,513441952;11,4168
1503;2023-03-30;GNB;4,04386716777593;0,832314576504402;14,8803;3,4381;358265,32925923;11,4422
1504;2023-04-30;GNB;4,26981003968927;0,691224584296832;15,1693;3,5837;357840,458055733;11,5856
1505;2023-05-30;GNB;4,02490792101475;-1,17093071981193;15,2971;3,7155;356116,540382048;11,5816
1506;2023-06-30;GNB;3,98525194157758;-0,695984429638633;15,539;3,7597;354603,589179229;11,7793
1507;2023-07-30;GNB;3,92704151450491;-1,01583755810768;15,6423;3,8658;353847,808119614;11,7765
1508;2023-08-30;GNB;3,62425680478682;0,0614750474334791;15,7516;3,9045;356416,541034821;11,8471
1509;2023-09-30;GNB;3,59155700168389;-0,906756202466222;15,9513;3,963;359108,185513356;11,988299999999999
1510;2023-10-30;GNB;3,35937868217215;-0,682307691141691;15,9116;3,9019;359937,811494317;12,0097
1511;2023-11-30;GNB;3,23893206934507;0,701153437700412;15,876;3,7447;357828,458321504;12,1313
1512;2023-12-30;GNB;3,41798151666212;-0,945679280085103;15,8642;3,5484;357746,005812666;12,3158
1513;2024-01-30;GNB;3,3098625930784;1,83097461976354;15,8087;3,4516;355455,149034539;12,357099999999999
1514;2024-02-30;GNB;3,40969597343231;3,16241000807473;15,7303;3,3383;351565,53394342;12,392
1515;2024-03-30;GNB;3,34274872850069;-0,409690120959002;15,76;3,2448;353331,905670393;12,5152
1516;2024-04-30;GNB;3,29029985933071;5,52986981371346;15,734;3,1577;356241,641699629;12,5763
1517;2024-05-30;GNB;3,33;5,70691310837814;15,7542;3,0468;357552,518811107;12,7074
1518;2024-06-30;GNB;3,32;0,370585322038706;15,6527;2,9473;366420,50177239;12,7054
1519;2024-07-30;GNB;3,16523222014583;4,85868197288225;15,081;2,7852;364559,672342253;12,2958
1520;2024-08-30;GNB;3,07117992197151;3,97028100948149;14,9261;2,6448;366002,017201794;12,2813
1521;2024-09-30;GNB;3,04998593976887;3,49053235679599;14,7177;2,6053;361085,629076086;12,112400000000001
1522;2024-10-30;GNB;2,86479373791672;3,83110341773776;14,7445;2,561;357635,416378008;12,1835
1523;2024-11-30;GNB;2,99;4,38200682962149;14,781;2,5237;357014,157664061;12,2573
1524;2024-12-30;GNB;2,69;5,06622215564914;14,8781;2,42;357677,259424096;12,4581
1525;2025-01-30;GNB;2,98;4,40268408625997;14,9906;2,3587;354760,01862769;12,631900000000002
1526;2025-02-30;GNB;2,83;2,83135361395376;14,9064;2,3507;355585,444264296;12,5557
1527;2025-03-30;GNB;2,75;4,77444217851402;14,7668;2,3426;360539,211660019;12,424199999999999
1528;2025-04-30;GNB;2,61;1,29967380625761;14,9607;2,2863;363066,00391258;12,674399999999999
1529;2025-05-30;GNB;2,55;2,02240324884952;14,9519;2,2671;366803,283034096;12,6848
1530;2025-06-30;GNB;2,54;4,94005155999517;14,9807;2,2737;366620,72027072;12,707
1531;2025-07-30;GNB;2,48;3,55064175415287;15,0445;2,1616;372582,021288069;12,8829
1532;2025-08-30;GNB;2,44;3,16499600945614;15,149;2,1348;373750,315649748;13,014199999999999
1533;2025-09-30;GNB;2,3;4,39260049012083;15,3507;2,1383;373053,47833963;13,212399999999999
1534;2025-10-30;GNB;2,39;4,17632153639052;15,5555;2,12;372064,590718533;13,435500000000001
1535;2025-11-30;GNB;2,37;1,58920236608024;15,7477;2,0993;378114,510368936;13,6484
1536;2025-12-30;GNB;2,31;4,14063348002019;15,8871;1,9771;383542,1016983;13,91
1537;2012-07-30;ICBC;-2,56350932395539;7,25261754336291;19,469;2,4835;137632,713477335;16,985500000000002
1538;2012-08-30;ICBC;-2,59753369233368;7,06201511835402;19,4068;2,4274;138742,833903589;16,979400000000002
1539;2012-09-30;ICBC;-2,56444881271377;6,74548019154057;19,3003;2,4527;140098,644280677;16,8476
1540;2012-10-30;ICBC;-2,63589839045769;7,41634436032168;19,3323;2,4474;140619,089445488;16,884900000000002
1541;2012-11-30;ICBC;-2,83496350992181;6,06180649649839;19,2763;2,4423;141971,486761694;16,834
1542;2012-12-30;ICBC;-2,97934449956461;3,42503686357549;19,085;2,37;143381,752445136;16,715
1543;2013-01-30;ICBC;-2,81956187405777;6,45527800965146;19,4116;2,3774;143924,213626111;17,0342
1544;2013-02-30;ICBC;-2,95789612254356;5,08612805742209;19,27;2,3671;144967,892788439;16,9029
1545;2013-03-30;ICBC;-3,06450679777298;3,50645360666613;19,0781;2,2871;146983,042569046;16,791
1546;2013-04-30;ICBC;-2,74394943031151;8,82067463968362;19,0897;2,309;149588,04782395;16,7807
1547;2013-05-30;ICBC;-2,75762535666439;4,26285716421081;18,9452;2,3039;153200,527471291;16,6413
1548;2013-06-30;ICBC;-2,96246734564204;5,85480037508544;18,8077;2,3187;157619,942045018;16,489
1549;2013-07-30;ICBC;-3,00923914055923;5,31159859188824;18,4748;2,3271;159868,223628347;16,147699999999997
1550;2013-08-30;ICBC;-3,04198049826547;5,50543308658207;18,1187;2,3158;163789,801182292;15,802900000000001
1551;2013-09-30;ICBC;-3,03564611754544;4,86322588723548;17,5843;2,3467;164610,589487021;15,237599999999999
1552;2013-10-30;ICBC;-3,22704470042451;6,2085695594993;16,6471;2,3432;166348,164810084;14,303899999999999
1553;2013-11-30;ICBC;-3,34120829663306;7,28241158278986;16,3673;2,3327;170158,401818378;14,034600000000001
1554;2013-12-30;ICBC;-3,02883070769852;7,03298792251822;15,8765;2,2697;171751,523064292;13,6068
1555;2014-01-30;ICBC;-3,30871880148673;4,22779553969517;15,9881;2,2552;172329,943011801;13,732899999999999
1556;2014-02-30;ICBC;-3,35383054313812;5,20778584573871;15,8071;2,2636;173515,547867492;13,5435
1557;2014-03-30;ICBC;-3,64089700894664;5,41175050657321;15,6132;2,2732;175851,686060143;13,34
1558;2014-04-30;ICBC;-3,42607144206759;2,9227670766698;15,5293;2,2957;177923,043139245;13,2336
1559;2014-05-30;ICBC;-2,6914595522258;2,59010248818859;15,6132;2,3419;179043,133266155;13,2713
1560;2014-06-30;ICBC;-3,34796491239338;0,377809386320063;16,0437;2,403;182625,504765777;13,6407
1561;2014-07-30;ICBC;-2,92841032409268;1,44969443766443;15,9294;2,3829;183850,862135435;13,5465
1562;2014-08-30;ICBC;-2,74973243640182;1,35321229346922;15,8752;2,3319;185421,418434124;13,543299999999999
1563;2014-09-30;ICBC;-1,83770581516939;2,67337539829948;15,689;2,324;187783,967748193;13,365
1564;2014-10-30;ICBC;-1,88925154598542;2,27379963938056;15,5535;2,3087;190413,12089967;13,2448
1565;2014-11-30;ICBC;-0,631758582631789;0,157929164213429;15,6087;2,2923;192240,760977915;13,316400000000002
1566;2014-12-30;ICBC;-1,64191423697307;0,794857324711063;15,6694;2,2739;194937,779817565;13,3955
1567;2015-01-30;ICBC;-2,1234129675613;1,56136027088578;16,1668;2,2448;197122,269584258;13,921999999999999
1568;2015-02-30;ICBC;-1,36264247984775;1,23388958685352;15,9979;2,22;198325,232429746;13,777899999999999
1569;2015-03-30;ICBC;-2,63717282482086;2,93665474858232;16,0777;2,2281;202798,239654182;13,8496
1570;2015-04-30;ICBC;-2,5152868744459;4,19795086562356;15,9223333333333;2,21466666666667;206559,06471937;13,707666666666631
1571;2015-05-30;ICBC;-2,20969678774784;1,28310541124468;16,0042;2,2732;209835,686276021;13,731000000000002
1572;2015-06-30;ICBC;-2,8620666564927;4,0852915674958;16,1823;2,2477;210598,22149881;13,934600000000001
1573;2015-07-30;ICBC;-2,67390577560649;3,60261789062785;16,1542;2,2132;212490,570574082;13,940999999999999
1574;2015-08-30;ICBC;-2,7718835658724;2,66923547239152;16,2516;2,2558;216960,582850091;13,9958
1575;2015-09-30;ICBC;-1,25945027284554;3,1878615346694;16,0927;2,365;219330,718134439;13,7277
1576;2015-10-30;ICBC;-1,2609466811173;3,27340498190499;16,2439;2,37870967741936;221930,655338288;13,86519032258064
1577;2015-11-30;ICBC;-1,44082975533788;3,9419272426407;16,083;2,424;225923,716490611;13,658999999999999
1578;2015-12-30;ICBC;-1,06564102306907;6,50665717154398;16,0933;2,4073;225466,907267483;13,686
1579;2016-01-30;ICBC;-1,23496613683126;3,54102729192158;16,2358;2,4981;227274,63900488;13,7377
1580;2016-02-30;ICBC;-1,36264247984775;6,42433385603047;16,1293;2,57;229411,005103949;13,5593
1581;2016-03-30;ICBC;-1,67191928010584;3,54940732384805;16,0516;2,6139;226870,296620517;13,4377
1582;2016-04-30;ICBC;-1,40518020714195;2,76647916648216;15,9873;2,6137;227683,365987705;13,3736
1583;2016-05-30;ICBC;-0,856124529064467;4,87350380260541;16,0206;2,7061;228232,064959727;13,314500000000002
1584;2016-06-30;ICBC;-1,40642607626859;3,57853940223563;16,2;2,6457;228166,448775348;13,5543
1585;2016-07-30;ICBC;-1,12317946533637;3,58058848604883;16,3787;2,7039;231427,70755541;13,674799999999998
1586;2016-08-30;ICBC;-1,21774645569862;5,77374525795702;16,4984;2,7113;232269,69808908;13,7871
1587;2016-09-30;ICBC;-0,895489962463466;4,50899026825206;16,8447;2,705;233147,0156;14,1397
1588;2016-10-30;ICBC;-1,11043742818261;2,18073554688548;17,0642;2,7081;232223,63659347;14,3561
1589;2016-11-30;ICBC;-1,48990898632295;3,51819707926029;17,0273;2,6703;234678,355714603;14,357
1590;2016-12-30;ICBC;-1,06564102306907;3,47941209391209;17,1565;2,6303;234802,958740691;14,526200000000001
1591;2017-01-30;ICBC;-1,28093248818939;5,01618303367953;17,7387;2,7;231878,155603592;15,038700000000002
1592;2017-02-30;ICBC;-1,47902369094676;0,787434462023569;17,0679;2,7339;232033,630864814;14,334000000000001
1593;2017-03-30;ICBC;-1,65906835748968;1,16379585033846;16,9577;2,7077;231483,69539101;14,25
1594;2017-04-30;ICBC;-1,56201651311429;0,312176167669932;16,844;2,7083;231732,418459482;14,135700000000002
1595;2017-05-30;ICBC;-1,01980713176908;3,6584833367899;16,7794;2,7294;233202,820744494;14,049999999999999
1596;2017-06-30;ICBC;-1,60667617241746;3,97016280935115;17,084;2,7223;233091,202663926;14,361699999999999
1597;2017-07-30;ICBC;-1,31546755108722;2,23023573365417;17,0961;2,6939;234586,259024844;14,4022
1598;2017-08-30;ICBC;-1,49036876788985;2,8604754231328;16,9332;2,6571;235217,013544844;14,2761
1599;2017-09-30;ICBC;-1,40381020767656;3,35308282776933;16,6457;2,596;237583,524436263;14,049700000000001
1600;2017-10-30;ICBC;-1,68953682576033;3,60973198180482;16,4035;2,5858;238533,98464101;13,817700000000002
1601;2017-11-30;ICBC;-1,99094744791772;2,03212270846349;16,1023;2,5397;241891,656214012;13,5626
1602;2017-12-30;ICBC;-1,74164098441696;1,41887025613422;15,7974;2,461;243367,009744844;13,3364
1603;2018-01-30;ICBC;4,33726437337679;2,87233496226407;15,8884;2,4206;242941,760741095;13,4678
1604;2018-02-30;ICBC;4,38728799646602;2,71425300120006;15,6932;2,3446;245334,86868;13,3486
1605;2018-03-30;ICBC;4,85906552654641;3,8814633366802;15,1135;2,2861;246351,202016148;12,8274
1606;2018-04-30;ICBC;5,61054917762224;8,084233111352;14,347;2,2337;249116,793695291;12,113299999999999
1607;2018-05-30;ICBC;6,40276193938911;6,70725904443513;14,0677;2,1994;252163,211933841;11,868300000000001
1608;2018-06-30;ICBC;6,21346357199429;2,07181626049809;14,0947;2,26;253301,933239413;11,8347
1609;2018-07-30;ICBC;6,42538494672392;2,60707391223498;14,0626;2,2606;254421,797173841;11,802
1610;2018-08-30;ICBC;6,18782391667414;2,32022079624739;14,2242;2,2616;256503,807181553;11,9626
1611;2018-09-30;ICBC;5,99806851525098;2,39025390732122;14,302;2,2863;258816,6135;12,015699999999999
1612;2018-10-30;ICBC;5,7025065904976;4,08424499495933;14,1619;2,3381;262213,119146969;11,823799999999999
1613;2018-11-30;ICBC;5,24620567099417;5,05984750171066;14,2185;2,353;264496,08236;11,8655
1614;2018-12-30;ICBC;5,68381819547403;4,70875013950894;14,2958;2,3594;267601,59422432;11,936399999999999
1615;2019-01-30;ICBC;5,77474097394771;1,68204536506575;14,321;2,4245;265517,052688956;11,8965
1616;2019-02-30;ICBC;5,34362759911807;2,08192064619262;14,3586;2,4704;264617,017414623;11,8882
1617;2010-01-30;Interbank;-1,67805414627813;3,09973872260936;19,97548;1,444581;91470,2482158548;18,530899
1618;2010-02-30;Interbank;-1,64161977935723;5,09543709179996;19,76036;1,39174;92459,18782068;18,36862
1619;2010-03-30;Interbank;-1,60526603842039;8,13674194381058;19,48806;1,35968;94126,3081121465;18,12838
1620;2010-04-30;Interbank;-1,61411019937405;7,9722443788201;19,39367;1,29767;95946,0098819624;18,096
1621;2010-05-30;Interbank;-1,50920599273096;7,53505209738022;19,17935;1,33258;97873,2306796958;17,84677
1622;2010-06-30;Interbank;-1,70263513884353;12,8277818078601;19,124;1,38977;99082,4339075997;17,73423
1623;2010-07-30;Interbank;-1,96041547666048;9,91181998600019;18,205;1,4506;100791,651839417;16,754399999999997
1624;2010-08-30;Interbank;-1,92639884645301;8,72290742396025;18,0813;1,6216;99774,2127051353;16,459699999999998
1625;2010-09-30;Interbank;-1,93999905992876;10,06527640767;18,3447;1,748;99406,3336637612;16,5967
1626;2010-10-30;Interbank;-1,97932124905071;9,42619659579032;18,7145;1,839;100541,496064182;16,875500000000002
1627;2010-11-30;Interbank;-1,97887959303342;8,83483102372992;18,718;1,842;103422,060777227;16,876
1628;2010-12-30;Interbank;-2,01871209647063;7,81210224176022;18,733;1,802;104896,071719061;16,931
1629;2011-01-30;Interbank;-1,91757436776225;9,56527024911006;18,679;1,865;105702,78900746;16,814
1630;2011-02-30;Interbank;-2,02214186988626;8,05783062817041;18,58;1,989;107403,07598927;16,590999999999998
1631;2011-03-30;Interbank;-1,98443628153151;7,68532243598949;18,6542;2,0394;110860,9531216;16,6148
1632;2011-04-30;Interbank;-1,9412913012715;7,42563488842943;18,512;2,0897;114610,68941318;16,4223
1633;2011-05-30;Interbank;-1,92980848185124;5,54189993776013;18,4926;2,3042;117469,44059454;16,1884
1634;2011-06-30;Interbank;-1,9771842108038;2,98103131605997;18,581;2,477;118641,26299725;16,104
1635;2011-07-30;Interbank;-2,00491642212089;6,06507053676931;18,54;2,4761;120036,9824773;16,0639
1636;2011-08-30;Interbank;-2,05856550155901;6,48080840764941;18,659;2,5197;120983,04623169;16,1393
1637;2011-09-30;Interbank;-2,08876303050484;4,90474354881041;18,717;2,5533;122529,13554308;16,1637
1638;2011-10-30;Interbank;-2,13861374241754;4,45651581325019;19,0103;2,5842;123168,52310561;16,4261
1639;2011-11-30;Interbank;-2,12955764871235;4,74225301367989;18,849;2,5703;124573,8061602;16,2787
1640;2011-12-30;Interbank;-2,13170114088378;8,66690720500048;18,861;2,4681;127594,4615945;16,3929
1641;2012-01-30;Interbank;-2,16946130127819;5,45154968600407;19,0294;2,4645;128619,250751001;16,564899999999998
1642;2012-02-30;Interbank;-2,19307550385412;7,05454218784318;18,7579;2,5004;128618,768754377;16,2575
1643;2012-03-30;Interbank;-2,15506672718388;5,85691316374118;19,0135;2,5203;130336,955932312;16,4932
1644;2012-04-30;Interbank;-2,14052828650866;3,19711552540307;19,2147;2,4393;131099,764668099;16,7754
1645;2012-05-30;Interbank;-2,08197247172047;6,9171164679619;19,341;2,4561;135396,412392417;16,884900000000002
1646;2012-06-30;Interbank;-2,15501584194672;7,53631288857866;19,6167;2,4757;136587,360127535;17,141000000000002
1647;2012-07-30;Interbank;-1,95678011020078;7,25261754336291;19,469;2,4835;137632,713477335;16,985500000000002
1648;2012-08-30;Interbank;-1,95062172812802;7,06201511835402;19,4068;2,4274;138742,833903589;16,979400000000002
1649;2012-09-30;Interbank;-1,95693240530333;6,74548019154057;19,3003;2,4527;140098,644280677;16,8476
1650;2012-10-30;Interbank;-1,95532965211769;7,41634436032168;19,3323;2,4474;140619,089445488;16,884900000000002
1651;2012-11-30;Interbank;-1,97284396216909;6,06180649649839;19,2763;2,4423;141971,486761694;16,834
1652;2012-12-30;Interbank;-1,90018617595499;3,42503686357549;19,085;2,37;143381,752445136;16,715
1653;2013-01-30;Interbank;-1,91388626306655;6,45527800965146;19,4116;2,3774;143924,213626111;17,0342
1654;2013-02-30;Interbank;-1,88758971408501;5,08612805742209;19,27;2,3671;144967,892788439;16,9029
1655;2013-03-30;Interbank;-1,82149641581383;3,50645360666613;19,0781;2,2871;146983,042569046;16,791
1656;2013-04-30;Interbank;-1,81273098547386;8,82067463968362;19,0897;2,309;149588,04782395;16,7807
1657;2013-05-30;Interbank;-1,75818124642438;4,26285716421081;18,9452;2,3039;153200,527471291;16,6413
1658;2013-06-30;Interbank;-1,76995999529164;5,85480037508544;18,8077;2,3187;157619,942045018;16,489
1659;2013-07-30;Interbank;-1,7251642268567;5,31159859188824;18,4748;2,3271;159868,223628347;16,147699999999997
1660;2013-08-30;Interbank;-1,69960831815887;5,50543308658207;18,1187;2,3158;163789,801182292;15,802900000000001
1661;2013-09-30;Interbank;-1,70934358077258;4,86322588723548;17,5843;2,3467;164610,589487021;15,237599999999999
1662;2013-10-30;Interbank;-1,73904945304233;6,2085695594993;16,6471;2,3432;166348,164810084;14,303899999999999
1663;2013-11-30;Interbank;-1,73468555906963;7,28241158278986;16,3673;2,3327;170158,401818378;14,034600000000001
1664;2013-12-30;Interbank;-1,65541075406744;7,03298792251822;15,8765;2,2697;171751,523064292;13,6068
1665;2014-01-30;Interbank;-1,5301090191554;4,22779553969517;15,9881;2,2552;172329,943011801;13,732899999999999
1666;2014-02-30;Interbank;-1,51976923682364;5,20778584573871;15,8071;2,2636;173515,547867492;13,5435
1667;2014-03-30;Interbank;-1,53360313960821;5,41175050657321;15,6132;2,2732;175851,686060143;13,34
1668;2014-04-30;Interbank;-1,50653730842174;2,9227670766698;15,5293;2,2957;177923,043139245;13,2336
1669;2014-05-30;Interbank;-1,4700808204498;2,59010248818859;15,6132;2,3419;179043,133266155;13,2713
1670;2014-06-30;Interbank;-1,55495800677875;0,377809386320063;16,0437;2,403;182625,504765777;13,6407
1671;2014-07-30;Interbank;-1,50145209601819;1,44969443766443;15,9294;2,3829;183850,862135435;13,5465
1672;2014-08-30;Interbank;-1,51305295347114;1,35321229346922;15,8752;2,3319;185421,418434124;13,543299999999999
1673;2014-09-30;Interbank;-1,439990478317;2,67337539829948;15,689;2,324;187783,967748193;13,365
1674;2014-10-30;Interbank;-1,43622841326369;2,27379963938056;15,5535;2,3087;190413,12089967;13,2448
1675;2014-11-30;Interbank;-1,42051992312525;0,157929164213429;15,6087;2,2923;192240,760977915;13,316400000000002
1676;2014-12-30;Interbank;-1,08232301271568;0,794857324711063;15,6694;2,2739;194937,779817565;13,3955
1677;2015-01-30;Interbank;-1,07909594241131;1,56136027088578;16,1668;2,2448;197122,269584258;13,921999999999999
1678;2015-02-30;Interbank;-1,09751756787532;1,23388958685352;15,9979;2,22;198325,232429746;13,777899999999999
1679;2015-03-30;Interbank;-1,36103874864703;2,93665474858232;16,0777;2,2281;202798,239654182;13,8496
1680;2015-04-30;Interbank;-1,33107591744905;4,19795086562356;15,9223333333333;2,21466666666667;206559,06471937;13,707666666666631
1681;2015-05-30;Interbank;-1,35205692283607;1,28310541124468;16,0042;2,2732;209835,686276021;13,731000000000002
1682;2015-06-30;Interbank;-1,23411532133548;4,0852915674958;16,1823;2,2477;210598,22149881;13,934600000000001
1683;2015-07-30;Interbank;-1,19421204561369;3,60261789062785;16,1542;2,2132;212490,570574082;13,940999999999999
1684;2015-08-30;Interbank;-1,04095284923663;2,66923547239152;16,2516;2,2558;216960,582850091;13,9958
1685;2015-09-30;Interbank;-1,08317820000785;3,1878615346694;16,0927;2,365;219330,718134439;13,7277
1686;2015-10-30;Interbank;-1,10630396548348;3,27340498190499;16,2439;2,37870967741936;221930,655338288;13,86519032258064
1687;2015-11-30;Interbank;-1,03094802889226;3,9419272426407;16,083;2,424;225923,716490611;13,658999999999999
1688;2015-12-30;Interbank;-1,00707078377222;6,50665717154398;16,0933;2,4073;225466,907267483;13,686
1689;2016-01-30;Interbank;-1,24085839564282;3,54102729192158;16,2358;2,4981;227274,63900488;13,7377
1690;2016-02-30;Interbank;-1,09751756787532;6,42433385603047;16,1293;2,57;229411,005103949;13,5593
1691;2016-03-30;Interbank;-1,10977381501771;3,54940732384805;16,0516;2,6139;226870,296620517;13,4377
1692;2016-04-30;Interbank;-1,10361753777173;2,76647916648216;15,9873;2,6137;227683,365987705;13,3736
1693;2016-05-30;Interbank;-0,953325769597349;4,87350380260541;16,0206;2,7061;228232,064959727;13,314500000000002
1694;2016-06-30;Interbank;-0,925167695176927;3,57853940223563;16,2;2,6457;228166,448775348;13,5543
1695;2016-07-30;Interbank;-0,934908820708379;3,58058848604883;16,3787;2,7039;231427,70755541;13,674799999999998
1696;2016-08-30;Interbank;-0,833645062688165;5,77374525795702;16,4984;2,7113;232269,69808908;13,7871
1697;2016-09-30;Interbank;-0,874930748721498;4,50899026825206;16,8447;2,705;233147,0156;14,1397
1698;2016-10-30;Interbank;-0,894686927036812;2,18073554688548;17,0642;2,7081;232223,63659347;14,3561
1699;2016-11-30;Interbank;-0,851627092920001;3,51819707926029;17,0273;2,6703;234678,355714603;14,357
1700;2016-12-30;Interbank;-1,00707078377222;3,47941209391209;17,1565;2,6303;234802,958740691;14,526200000000001
1701;2017-01-30;Interbank;-1,01080651658047;5,01618303367953;17,7387;2,7;231878,155603592;15,038700000000002
1702;2017-02-30;Interbank;-0,989912755102222;0,787434462023569;17,0679;2,7339;232033,630864814;14,334000000000001
1703;2017-03-30;Interbank;-0,943242025722436;1,16379585033846;16,9577;2,7077;231483,69539101;14,25
1704;2017-04-30;Interbank;-0,909351904139959;0,312176167669932;16,844;2,7083;231732,418459482;14,135700000000002
1705;2017-05-30;Interbank;-0,92634607956094;3,6584833367899;16,7794;2,7294;233202,820744494;14,049999999999999
1706;2017-06-30;Interbank;-1,03570842560623;3,97016280935115;17,084;2,7223;233091,202663926;14,361699999999999
1707;2017-07-30;Interbank;-1,02479354955616;2,23023573365417;17,0961;2,6939;234586,259024844;14,4022
1708;2017-08-30;Interbank;-1,0590402582331;2,8604754231328;16,9332;2,6571;235217,013544844;14,2761
1709;2017-09-30;Interbank;-1,01791340397705;3,35308282776933;16,6457;2,596;237583,524436263;14,049700000000001
1710;2017-10-30;Interbank;-0,932627725589654;3,60973198180482;16,4035;2,5858;238533,98464101;13,817700000000002
1711;2017-11-30;Interbank;-0,867450376462011;2,03212270846349;16,1023;2,5397;241891,656214012;13,5626
1712;2017-12-30;Interbank;-0,977517268447292;1,41887025613422;15,7974;2,461;243367,009744844;13,3364
1713;2018-01-30;Interbank;2,89924903425812;2,87233496226407;15,8884;2,4206;242941,760741095;13,4678
1714;2018-02-30;Interbank;2,94225524378458;2,71425300120006;15,6932;2,3446;245334,86868;13,3486
1715;2018-03-30;Interbank;2,74050171874178;3,8814633366802;15,1135;2,2861;246351,202016148;12,8274
1716;2018-04-30;Interbank;2,71891426416896;8,084233111352;14,347;2,2337;249116,793695291;12,113299999999999
1717;2018-05-30;Interbank;2,71561862856845;6,70725904443513;14,0677;2,1994;252163,211933841;11,868300000000001
1718;2018-06-30;Interbank;2,71926356450503;2,07181626049809;14,0947;2,26;253301,933239413;11,8347
1719;2018-07-30;Interbank;2,70328684336196;2,60707391223498;14,0626;2,2606;254421,797173841;11,802
1720;2018-08-30;Interbank;2,69115980553845;2,32022079624739;14,2242;2,2616;256503,807181553;11,9626
1721;2018-09-30;Interbank;2,61532778763549;2,39025390732122;14,302;2,2863;258816,6135;12,015699999999999
1722;2018-10-30;Interbank;2,66595248239017;4,08424499495933;14,1619;2,3381;262213,119146969;11,823799999999999
1723;2018-11-30;Interbank;2,64667476543469;5,05984750171066;14,2185;2,353;264496,08236;11,8655
1724;2018-12-30;Interbank;2,63581452736375;4,70875013950894;14,2958;2,3594;267601,59422432;11,936399999999999
1725;2019-01-30;Interbank;2,64643227181846;1,68204536506575;14,321;2,4245;265517,052688956;11,8965
1726;2019-02-30;Interbank;2,58422423335818;2,08192064619262;14,3586;2,4704;264617,017414623;11,8882
1727;2019-03-30;Interbank;2,60514697789831;3,38565671233177;14,4926;2,4184;268155,642070597;12,0742
1728;2019-04-30;Interbank;2,65689061577862;-0,00370655104660235;14,509;2,4783;268798,917735074;12,0307
1729;2019-05-30;Interbank;2,67137591532666;0,689357311198934;14,4781;2,4839;272208,722555459;11,9942
1730;2019-06-30;Interbank;2,67481037017686;2,8184051537171;14,589;2,4923;272167,815575488;12,0967
1731;2019-07-30;Interbank;2,70361292749726;3,93022450861361;14,501;2,4655;274252,564675074;12,035499999999999
1732;2019-08-30;Interbank;2,73570608408286;3,71508023590506;14,4355;2,4068;278775,3476757;12,028699999999999
1733;2019-09-30;Interbank;2,78239745475289;2,53124314155433;14,4193;2,3203;279218,395525627;12,099
1734;2019-10-30;Interbank;2,64954856689672;2,70764198774884;14,2445;2,2823;282695,597197098;11,9622
1735;2019-11-30;Interbank;2,61693848791455;2,31063247935892;14,192;2,266;285104,147780919;11,926
1736;2019-12-30;Interbank;2,62242069379223;1,2406739415473;14,0848;2,1952;283417,612610272;11,8896
1737;2020-01-30;Interbank;2,61380011660796;3,30328579210706;14,351;2,1571;284480,616991903;12,193900000000001
1738;2020-02-30;Interbank;2,66323359051467;4,57990369607169;14,2166;2,1403;287509,080545274;12,0763
1739;2020-03-30;Interbank;2,78554056382135;-17,6060068593198;14,0555;2,0994;292520,521325249;11,9561
1740;2020-04-30;Interbank;3,03476551287359;-39,276985716532;13,3643;1,9517;294981,865972206;11,4126
1741;2020-05-30;Interbank;2,39215723420386;-32,727246502532;12,7823;1,7423;317901,940662927;11,04
1742;2020-06-30;Interbank;2,44093682545198;-18,1034455760272;12,4427;1,4927;323619,763992646;10,950000000000001
1743;2020-07-30;Interbank;2,28153245486874;-11,0192247908879;12,2887;1,3048;328728,354384708;10,9839
1744;2020-08-30;Interbank;2,27569297367975;-9,1655146146572;12,3435;1,1994;330282,552725012;11,1441
1745;2020-09-30;Interbank;2,73864531561345;-5,86720943430298;12,4423;1,1513;329715,208692015;11,291
1746;2020-10-30;Interbank;3,34022550983205;-3,25483448382076;12,4984;1,1065;329466,619187729;11,3919
1747;2020-11-30;Interbank;3,70381460774489;-2,10701610176808;12,3737;1,0603;330898,145004204;11,3134
1748;2020-12-30;Interbank;3,39544244802964;1,03032310851424;12,101;1,01;330497,714999158;11,091000000000001
1749;2021-01-30;Interbank;3,22209768795608;-0,997341320021622;12,0323;0,9526;322545,157791186;11,079699999999999
1750;2021-02-30;Interbank;3,35326126386697;-3,82132610746839;11,8846;0,9139;325538,713886489;10,9707
1751;2021-03-30;Interbank;3,26274581299841;19,8682137808316;11,1365;0,8919;330091,565388301;10,2446
1752;2021-04-30;Interbank;3,14141963158108;59,8947623291564;11,0793;0,8914;334027,12164637;10,187899999999999
1753;2021-05-30;Interbank;3,11432354077667;48,5993221115384;10,8042;0,8623;339745,11524814;9,9419
1754;2021-06-30;Interbank;3,02892319104554;23,4110933239464;10,683;0,819;346308,316824556;9,864
1755;2021-07-30;Interbank;3,05547438575758;13,3172829771082;10,6816;0,7865;356316,82537433;9,8951
1756;2021-08-30;Interbank;3,13715314245101;12,0115996029552;10,6861;0,7632;352728,81126038;9,9229
1757;2021-09-30;Interbank;3,32087666688183;10,0310469174935;10,4913;0,7803;353224,181395059;9,711
1758;2021-10-30;Interbank;3,70178501391388;4,76941227826566;10,5577;0,8197;348531,963698612;9,738000000000001
1759;2021-11-30;Interbank;3,6964239874391;3,75939452387283;10,7307;0,9177;351524,562791852;9,813
1760;2021-12-30;Interbank;3,61659169362978;2,03857895343596;10,9868;1,0332;351547,028702497;9,953600000000002
1761;2022-01-30;Interbank;3,61355574446542;3,07233820894321;11,1277;1,1216;347860,89644456;10,0061
1762;2022-02-30;Interbank;3,31164632882799;4,84817141819692;11,2939;1,3082;349410,614110348;9,985700000000001
1763;2022-03-30;Interbank;3,16591936798157;3,90609081039353;11,5168;1,4668;352219,544574875;10,05
1764;2022-04-30;Interbank;2,98534857343528;4,05956735448008;11,8497;1,5737;356360,952277521;10,276
1765;2022-05-30;Interbank;2,89190306757875;2,55561245088643;12,1248;1,8519;355562,181344763;10,2729
1766;2022-06-30;Interbank;2,78874677725395;3,73340672963062;12,4933;2,0823;361021,846173373;10,411
1767;2022-07-30;Interbank;2,78922442764151;1,99929995548116;12,6616;2,2897;369690,15928018;10,3719
1768;2022-08-30;Interbank;3,12658507126503;2,00923450710866;12,9406;2,4726;366647,946617273;10,468
1769;2022-09-30;Interbank;3,19609509293368;2,1575485636082;13,3757;2,6123;369424,002927107;10,7634
1770;2022-10-30;Interbank;3,3732115406709;2,60004901094656;13,5935;2,7542;366395,936714041;10,839300000000001
1771;2022-11-30;Interbank;3,23238362438416;2,19611119378252;13,926;2,9257;362694,817549764;11,0003
1772;2022-12-30;Interbank;3,02907561605217;1,28549481803624;14,2635;2,9706;359700,887677788;11,2929
1773;2023-01-30;Interbank;3,20964511319718;-0,57827332938386;14,4623;3,1671;358160,728410833;11,295200000000001
1774;2023-02-30;Interbank;3,16112492102114;-0,349595705654184;14,7364;3,3196;355361,513441952;11,4168
1775;2023-03-30;Interbank;3,05007343920493;0,832314576504402;14,8803;3,4381;358265,32925923;11,4422
1776;2023-04-30;Interbank;3,01100999392972;0,691224584296832;15,1693;3,5837;357840,458055733;11,5856
1777;2023-05-30;Interbank;3,02007550481942;-1,17093071981193;15,2971;3,7155;356116,540382048;11,5816
1778;2023-06-30;Interbank;2,95323007635003;-0,695984429638633;15,539;3,7597;354603,589179229;11,7793
1779;2023-07-30;Interbank;3,1378658882826;-1,01583755810768;15,6423;3,8658;353847,808119614;11,7765
1780;2023-08-30;Interbank;3,31458454037478;0,0614750474334791;15,7516;3,9045;356416,541034821;11,8471
1781;2023-09-30;Interbank;3,33833691882853;-0,906756202466222;15,9513;3,963;359108,185513356;11,988299999999999
1782;2023-10-30;Interbank;3,51373732288417;-0,682307691141691;15,9116;3,9019;359937,811494317;12,0097
1783;2023-11-30;Interbank;3,57437918565562;0,701153437700412;15,876;3,7447;357828,458321504;12,1313
1784;2023-12-30;Interbank;3,54027949184442;-0,945679280085103;15,8642;3,5484;357746,005812666;12,3158
1785;2024-01-30;Interbank;3,71021594744967;1,83097461976354;15,8087;3,4516;355455,149034539;12,357099999999999
1786;2024-02-30;Interbank;3,68301013326102;3,16241000807473;15,7303;3,3383;351565,53394342;12,392
1787;2024-03-30;Interbank;3,6877500462183;-0,409690120959002;15,76;3,2448;353331,905670393;12,5152
1788;2024-04-30;Interbank;3,68041161660516;5,52986981371346;15,734;3,1577;356241,641699629;12,5763
1789;2024-05-30;Interbank;3,54;5,70691310837814;15,7542;3,0468;357552,518811107;12,7074
1790;2024-06-30;Interbank;3,37;0,370585322038706;15,6527;2,9473;366420,50177239;12,7054
1791;2024-07-30;Interbank;3,29421728050161;4,85868197288225;15,081;2,7852;364559,672342253;12,2958
1792;2024-08-30;Interbank;3,14198153442681;3,97028100948149;14,9261;2,6448;366002,017201794;12,2813
1793;2024-09-30;Interbank;3,05844455350362;3,49053235679599;14,7177;2,6053;361085,629076086;12,112400000000001
1794;2024-10-30;Interbank;2,98950682186306;3,83110341773776;14,7445;2,561;357635,416378008;12,1835
1795;2024-11-30;Interbank;2,89;4,38200682962149;14,781;2,5237;357014,157664061;12,2573
1796;2024-12-30;Interbank;2,71;5,06622215564914;14,8781;2,42;357677,259424096;12,4581
1797;2025-01-30;Interbank;2,79;4,40268408625997;14,9906;2,3587;354760,01862769;12,631900000000002
1798;2025-02-30;Interbank;2,68;2,83135361395376;14,9064;2,3507;355585,444264296;12,5557
1799;2025-03-30;Interbank;2,73;4,77444217851402;14,7668;2,3426;360539,211660019;12,424199999999999
1800;2025-04-30;Interbank;2,68;1,29967380625761;14,9607;2,2863;363066,00391258;12,674399999999999
1801;2025-05-30;Interbank;2,74;2,02240324884952;14,9519;2,2671;366803,283034096;12,6848
1802;2025-06-30;Interbank;2,61;4,94005155999517;14,9807;2,2737;366620,72027072;12,707
1803;2025-07-30;Interbank;2,64;3,55064175415287;15,0445;2,1616;372582,021288069;12,8829
1804;2025-08-30;Interbank;2,57;3,16499600945614;15,149;2,1348;373750,315649748;13,014199999999999
1805;2025-09-30;Interbank;2,55;4,39260049012083;15,3507;2,1383;373053,47833963;13,212399999999999
1806;2025-10-30;Interbank;2,59;4,17632153639052;15,5555;2,12;372064,590718533;13,435500000000001
1807;2025-11-30;Interbank;2,41;1,58920236608024;15,7477;2,0993;378114,510368936;13,6484
1808;2025-12-30;Interbank;2,45;4,14063348002019;15,8871;1,9771;383542,1016983;13,91
1809;2010-01-30;MiBanco;0,0282026826305402;3,09973872260936;19,97548;1,444581;91470,2482158548;18,530899
1810;2010-02-30;MiBanco;0,716496293147284;5,09543709179996;19,76036;1,39174;92459,18782068;18,36862
1811;2010-03-30;MiBanco;0,736804375432651;8,13674194381058;19,48806;1,35968;94126,3081121465;18,12838
1812;2010-04-30;MiBanco;0,737193474133757;7,9722443788201;19,39367;1,29767;95946,0098819624;18,096
1813;2010-05-30;MiBanco;0,732317742948974;7,53505209738022;19,17935;1,33258;97873,2306796958;17,84677
1814;2010-06-30;MiBanco;0,732562774887864;12,8277818078601;19,124;1,38977;99082,4339075997;17,73423
1815;2010-07-30;MiBanco;0,732708050475676;9,91181998600019;18,205;1,4506;100791,651839417;16,754399999999997
1816;2010-08-30;MiBanco;0,734128122514029;8,72290742396025;18,0813;1,6216;99774,2127051353;16,459699999999998
1817;2010-09-30;MiBanco;0,733342949061295;10,06527640767;18,3447;1,748;99406,3336637612;16,5967
1818;2010-10-30;MiBanco;0,730367721014737;9,42619659579032;18,7145;1,839;100541,496064182;16,875500000000002
1819;2010-11-30;MiBanco;0,645570165620748;8,83483102372992;18,718;1,842;103422,060777227;16,876
1820;2010-12-30;MiBanco;0,57812140904651;7,81210224176022;18,733;1,802;104896,071719061;16,931
1821;2011-01-30;MiBanco;0,535314915478589;9,56527024911006;18,679;1,865;105702,78900746;16,814
1822;2011-02-30;MiBanco;0,543561284837606;8,05783062817041;18,58;1,989;107403,07598927;16,590999999999998
1823;2011-03-30;MiBanco;0,469792963170089;7,68532243598949;18,6542;2,0394;110860,9531216;16,6148
1824;2011-04-30;MiBanco;0,474360136711953;7,42563488842943;18,512;2,0897;114610,68941318;16,4223
1825;2011-05-30;MiBanco;0,473676741310864;5,54189993776013;18,4926;2,3042;117469,44059454;16,1884
1826;2011-06-30;MiBanco;0,473235563756579;2,98103131605997;18,581;2,477;118641,26299725;16,104
1827;2011-07-30;MiBanco;0,497771867646993;6,06507053676931;18,54;2,4761;120036,9824773;16,0639
1828;2011-08-30;MiBanco;0,507007540385165;6,48080840764941;18,659;2,5197;120983,04623169;16,1393
1829;2011-09-30;MiBanco;0,509831310285163;4,90474354881041;18,717;2,5533;122529,13554308;16,1637
1830;2011-10-30;MiBanco;0,513627298208764;4,45651581325019;19,0103;2,5842;123168,52310561;16,4261
1831;2011-11-30;MiBanco;0,512391481836876;4,74225301367989;18,849;2,5703;124573,8061602;16,2787
1832;2011-12-30;MiBanco;0,350885496458291;8,66690720500048;18,861;2,4681;127594,4615945;16,3929
1833;2012-01-30;MiBanco;0,361229550974872;5,45154968600407;19,0294;2,4645;128619,250751001;16,564899999999998
1834;2012-02-30;MiBanco;0,364159149578047;7,05454218784318;18,7579;2,5004;128618,768754377;16,2575
1835;2012-03-30;MiBanco;0,365316512056584;5,85691316374118;19,0135;2,5203;130336,955932312;16,4932
1836;2012-04-30;MiBanco;0,529256393100924;3,19711552540307;19,2147;2,4393;131099,764668099;16,7754
1837;2012-05-30;MiBanco;0,4677598056956;6,9171164679619;19,341;2,4561;135396,412392417;16,884900000000002
1838;2012-06-30;MiBanco;0,480700048677441;7,53631288857866;19,6167;2,4757;136587,360127535;17,141000000000002
1839;2012-07-30;MiBanco;0,49463975499365;7,25261754336291;19,469;2,4835;137632,713477335;16,985500000000002
1840;2012-08-30;MiBanco;0,498450708049787;7,06201511835402;19,4068;2,4274;138742,833903589;16,979400000000002
1841;2012-09-30;MiBanco;0,493894906584898;6,74548019154057;19,3003;2,4527;140098,644280677;16,8476
1842;2012-10-30;MiBanco;0,489666367788945;7,41634436032168;19,3323;2,4474;140619,089445488;16,884900000000002
1843;2012-11-30;MiBanco;0,480646744466599;6,06180649649839;19,2763;2,4423;141971,486761694;16,834
1844;2012-12-30;MiBanco;0,483785847391775;3,42503686357549;19,085;2,37;143381,752445136;16,715
1845;2013-01-30;MiBanco;0,47473125929497;6,45527800965146;19,4116;2,3774;143924,213626111;17,0342
1846;2013-02-30;MiBanco;0,48003416622705;5,08612805742209;19,27;2,3671;144967,892788439;16,9029
1847;2013-03-30;MiBanco;0,50265419691688;3,50645360666613;19,0781;2,2871;146983,042569046;16,791
1848;2013-04-30;MiBanco;0,506064657101255;8,82067463968362;19,0897;2,309;149588,04782395;16,7807
1849;2013-05-30;MiBanco;0,514124113035842;4,26285716421081;18,9452;2,3039;153200,527471291;16,6413
1850;2013-06-30;MiBanco;0,529480046810042;5,85480037508544;18,8077;2,3187;157619,942045018;16,489
1851;2013-07-30;MiBanco;0,538797976061625;5,31159859188824;18,4748;2,3271;159868,223628347;16,147699999999997
1852;2013-08-30;MiBanco;0,549461027601135;5,50543308658207;18,1187;2,3158;163789,801182292;15,802900000000001
1853;2013-09-30;MiBanco;0,555009741286468;4,86322588723548;17,5843;2,3467;164610,589487021;15,237599999999999
1854;2013-10-30;MiBanco;0,559578191667383;6,2085695594993;16,6471;2,3432;166348,164810084;14,303899999999999
1855;2013-11-30;MiBanco;0,564261462242616;7,28241158278986;16,3673;2,3327;170158,401818378;14,034600000000001
1856;2013-12-30;MiBanco;0,504145043810697;7,03298792251822;15,8765;2,2697;171751,523064292;13,6068
1857;2014-01-30;MiBanco;0,517171446348976;4,22779553969517;15,9881;2,2552;172329,943011801;13,732899999999999
1858;2014-02-30;MiBanco;0,527402388431624;5,20778584573871;15,8071;2,2636;173515,547867492;13,5435
1859;2014-03-30;MiBanco;0,39367745941168;5,41175050657321;15,6132;2,2732;175851,686060143;13,34
1860;2014-04-30;MiBanco;0,300905467442863;2,9227670766698;15,5293;2,2957;177923,043139245;13,2336
1861;2014-05-30;MiBanco;0,311915938513673;2,59010248818859;15,6132;2,3419;179043,133266155;13,2713
1862;2014-06-30;MiBanco;0,264791736656856;0,377809386320063;16,0437;2,403;182625,504765777;13,6407
1863;2014-07-30;MiBanco;0,255639493649251;1,44969443766443;15,9294;2,3829;183850,862135435;13,5465
1864;2014-08-30;MiBanco;0,117567985357403;1,35321229346922;15,8752;2,3319;185421,418434124;13,543299999999999
1865;2014-09-30;MiBanco;-0,0441142093552152;2,67337539829948;15,689;2,324;187783,967748193;13,365
1866;2014-10-30;MiBanco;-0,0296890180077339;2,27379963938056;15,5535;2,3087;190413,12089967;13,2448
1867;2014-11-30;MiBanco;-0,0418233901520112;0,157929164213429;15,6087;2,2923;192240,760977915;13,316400000000002
1868;2014-12-30;MiBanco;-0,0861006070263658;0,794857324711063;15,6694;2,2739;194937,779817565;13,3955
1869;2015-01-30;MiBanco;-0,137087697684065;1,56136027088578;16,1668;2,2448;197122,269584258;13,921999999999999
1870;2015-02-30;MiBanco;-1,45074567193446;1,23388958685352;15,9979;2,22;198325,232429746;13,777899999999999
1871;2015-03-30;MiBanco;-1,45378554676287;2,93665474858232;16,0777;2,2281;202798,239654182;13,8496
1872;2015-04-30;MiBanco;-1,33785147687534;4,19795086562356;15,9223333333333;2,21466666666667;206559,06471937;13,707666666666631
1873;2015-05-30;MiBanco;-1,28019900628164;1,28310541124468;16,0042;2,2732;209835,686276021;13,731000000000002
1874;2015-06-30;MiBanco;-1,23633447194853;4,0852915674958;16,1823;2,2477;210598,22149881;13,934600000000001
1875;2015-07-30;MiBanco;-1,26895282051008;3,60261789062785;16,1542;2,2132;212490,570574082;13,940999999999999
1876;2015-08-30;MiBanco;-1,420261217701;2,66923547239152;16,2516;2,2558;216960,582850091;13,9958
1877;2015-09-30;MiBanco;-1,48105808057372;3,1878615346694;16,0927;2,365;219330,718134439;13,7277
1878;2015-10-30;MiBanco;-1,48294313075629;3,27340498190499;16,2439;2,37870967741936;221930,655338288;13,86519032258064
1879;2015-11-30;MiBanco;-1,45431284053031;3,9419272426407;16,083;2,424;225923,716490611;13,658999999999999
1880;2015-12-30;MiBanco;-1,74780166659689;6,50665717154398;16,0933;2,4073;225466,907267483;13,686
1881;2016-01-30;MiBanco;-1,44844600949188;3,54102729192158;16,2358;2,4981;227274,63900488;13,7377
1882;2016-02-30;MiBanco;-1,45074567193446;6,42433385603047;16,1293;2,57;229411,005103949;13,5593
1883;2016-03-30;MiBanco;-1,48945373507872;3,54940732384805;16,0516;2,6139;226870,296620517;13,4377
1884;2016-04-30;MiBanco;-1,51696661696639;2,76647916648216;15,9873;2,6137;227683,365987705;13,3736
1885;2016-05-30;MiBanco;-1,55671589401906;4,87350380260541;16,0206;2,7061;228232,064959727;13,314500000000002
1886;2016-06-30;MiBanco;-1,58752565923541;3,57853940223563;16,2;2,6457;228166,448775348;13,5543
1887;2016-07-30;MiBanco;-1,61580632167575;3,58058848604883;16,3787;2,7039;231427,70755541;13,674799999999998
1888;2016-08-30;MiBanco;-1,72420807178183;5,77374525795702;16,4984;2,7113;232269,69808908;13,7871
1889;2016-09-30;MiBanco;-1,7114301190989;4,50899026825206;16,8447;2,705;233147,0156;14,1397
1890;2016-10-30;MiBanco;-1,6904019052424;2,18073554688548;17,0642;2,7081;232223,63659347;14,3561
1891;2016-11-30;MiBanco;-1,71313982216466;3,51819707926029;17,0273;2,6703;234678,355714603;14,357
1892;2016-12-30;MiBanco;-1,74780166659689;3,47941209391209;17,1565;2,6303;234802,958740691;14,526200000000001
1893;2017-01-30;MiBanco;-1,76916188207132;5,01618303367953;17,7387;2,7;231878,155603592;15,038700000000002
1894;2017-02-30;MiBanco;-1,81719940934407;0,787434462023569;17,0679;2,7339;232033,630864814;14,334000000000001
1895;2017-03-30;MiBanco;-2,07952114140922;1,16379585033846;16,9577;2,7077;231483,69539101;14,25
1896;2017-04-30;MiBanco;-2,01012164834539;0,312176167669932;16,844;2,7083;231732,418459482;14,135700000000002
1897;2017-05-30;MiBanco;-2,16094208726298;3,6584833367899;16,7794;2,7294;233202,820744494;14,049999999999999
1898;2017-06-30;MiBanco;-2,35119353887698;3,97016280935115;17,084;2,7223;233091,202663926;14,361699999999999
1899;2017-07-30;MiBanco;-2,4950438011841;2,23023573365417;17,0961;2,6939;234586,259024844;14,4022
1900;2017-08-30;MiBanco;-2,73269778616665;2,8604754231328;16,9332;2,6571;235217,013544844;14,2761
1901;2017-09-30;MiBanco;-2,69696911695962;3,35308282776933;16,6457;2,596;237583,524436263;14,049700000000001
1902;2017-10-30;MiBanco;-2,64671319009139;3,60973198180482;16,4035;2,5858;238533,98464101;13,817700000000002
1903;2017-11-30;MiBanco;-2,66820944353145;2,03212270846349;16,1023;2,5397;241891,656214012;13,5626
1904;2017-12-30;MiBanco;-2,75315398490788;1,41887025613422;15,7974;2,461;243367,009744844;13,3364
1905;2018-01-30;MiBanco;4,74185233369854;2,87233496226407;15,8884;2,4206;242941,760741095;13,4678
1906;2018-02-30;MiBanco;4,8299207106095;2,71425300120006;15,6932;2,3446;245334,86868;13,3486
1907;2018-03-30;MiBanco;5,10389486698445;3,8814633366802;15,1135;2,2861;246351,202016148;12,8274
1908;2018-04-30;MiBanco;5,21977348679378;8,084233111352;14,347;2,2337;249116,793695291;12,113299999999999
1909;2018-05-30;MiBanco;5,31673446254606;6,70725904443513;14,0677;2,1994;252163,211933841;11,868300000000001
1910;2018-06-30;MiBanco;5,47897923830037;2,07181626049809;14,0947;2,26;253301,933239413;11,8347
1911;2018-07-30;MiBanco;5,42784520198071;2,60707391223498;14,0626;2,2606;254421,797173841;11,802
1912;2018-08-30;MiBanco;5,45882412402013;2,32022079624739;14,2242;2,2616;256503,807181553;11,9626
1913;2018-09-30;MiBanco;5,50307621743488;2,39025390732122;14,302;2,2863;258816,6135;12,015699999999999
1914;2018-10-30;MiBanco;5,44074380444439;4,08424499495933;14,1619;2,3381;262213,119146969;11,823799999999999
1915;2018-11-30;MiBanco;5,289561944672;5,05984750171066;14,2185;2,353;264496,08236;11,8655
1916;2018-12-30;MiBanco;5,27444936791821;4,70875013950894;14,2958;2,3594;267601,59422432;11,936399999999999
1917;2019-01-30;MiBanco;5,30405853561891;1,68204536506575;14,321;2,4245;265517,052688956;11,8965
1918;2019-02-30;MiBanco;5,32575081739628;2,08192064619262;14,3586;2,4704;264617,017414623;11,8882
1919;2019-03-30;MiBanco;5,36997198717372;3,38565671233177;14,4926;2,4184;268155,642070597;12,0742
1920;2019-04-30;MiBanco;5,35789225712856;-0,00370655104660235;14,509;2,4783;268798,917735074;12,0307
1921;2019-05-30;MiBanco;5,30469991300508;0,689357311198934;14,4781;2,4839;272208,722555459;11,9942
1922;2019-06-30;MiBanco;5,42908244295003;2,8184051537171;14,589;2,4923;272167,815575488;12,0967
1923;2019-07-30;MiBanco;5,43508215429496;3,93022450861361;14,501;2,4655;274252,564675074;12,035499999999999
1924;2019-08-30;MiBanco;5,49425780109156;3,71508023590506;14,4355;2,4068;278775,3476757;12,028699999999999
1925;2019-09-30;MiBanco;5,50213074892423;2,53124314155433;14,4193;2,3203;279218,395525627;12,099
1926;2019-10-30;MiBanco;5,45298769757767;2,70764198774884;14,2445;2,2823;282695,597197098;11,9622
1927;2019-11-30;MiBanco;5,38566952056106;2,31063247935892;14,192;2,266;285104,147780919;11,926
1928;2019-12-30;MiBanco;5,41776024228771;1,2406739415473;14,0848;2,1952;283417,612610272;11,8896
1929;2020-01-30;MiBanco;5,38251729945005;3,30328579210706;14,351;2,1571;284480,616991903;12,193900000000001
1930;2020-02-30;MiBanco;5,43053210984598;4,57990369607169;14,2166;2,1403;287509,080545274;12,0763
1931;2020-03-30;MiBanco;5,41724167938187;-17,6060068593198;14,0555;2,0994;292520,521325249;11,9561
1932;2020-04-30;MiBanco;5,03069514196346;-39,276985716532;13,3643;1,9517;294981,865972206;11,4126
1933;2020-05-30;MiBanco;5,80078477378349;-32,727246502532;12,7823;1,7423;317901,940662927;11,04
1934;2020-06-30;MiBanco;6,51049708066423;-18,1034455760272;12,4427;1,4927;323619,763992646;10,950000000000001
1935;2020-07-30;MiBanco;5,91036285085404;-11,0192247908879;12,2887;1,3048;328728,354384708;10,9839
1936;2020-08-30;MiBanco;5,67374158218181;-9,1655146146572;12,3435;1,1994;330282,552725012;11,1441
1937;2020-09-30;MiBanco;6,01246061784811;-5,86720943430298;12,4423;1,1513;329715,208692015;11,291
1938;2020-10-30;MiBanco;6,6753345953805;-3,25483448382076;12,4984;1,1065;329466,619187729;11,3919
1939;2020-11-30;MiBanco;6,7898823856362;-2,10701610176808;12,3737;1,0603;330898,145004204;11,3134
1940;2020-12-30;MiBanco;7,07891640266421;1,03032310851424;12,101;1,01;330497,714999158;11,091000000000001
1941;2021-01-30;MiBanco;7,48384624355381;-0,997341320021622;12,0323;0,9526;322545,157791186;11,079699999999999
1942;2021-02-30;MiBanco;8,25382297352422;-3,82132610746839;11,8846;0,9139;325538,713886489;10,9707
1943;2021-03-30;MiBanco;9,16111846444282;19,8682137808316;11,1365;0,8919;330091,565388301;10,2446
1944;2021-04-30;MiBanco;9,02270107727956;59,8947623291564;11,0793;0,8914;334027,12164637;10,187899999999999
1945;2021-05-30;MiBanco;8,94059722948758;48,5993221115384;10,8042;0,8623;339745,11524814;9,9419
1946;2021-06-30;MiBanco;8,95191592105814;23,4110933239464;10,683;0,819;346308,316824556;9,864
1947;2021-07-30;MiBanco;8,53254467532884;13,3172829771082;10,6816;0,7865;356316,82537433;9,8951
1948;2021-08-30;MiBanco;8,35436120269508;12,0115996029552;10,6861;0,7632;352728,81126038;9,9229
1949;2021-09-30;MiBanco;8,11664866178278;10,0310469174935;10,4913;0,7803;353224,181395059;9,711
1950;2021-10-30;MiBanco;8,34964340648573;4,76941227826566;10,5577;0,8197;348531,963698612;9,738000000000001
1951;2021-11-30;MiBanco;6,7507829789994;3,75939452387283;10,7307;0,9177;351524,562791852;9,813
1952;2021-12-30;MiBanco;6,7873377649766;2,03857895343596;10,9868;1,0332;351547,028702497;9,953600000000002
1953;2022-01-30;MiBanco;6,92223052629396;3,07233820894321;11,1277;1,1216;347860,89644456;10,0061
1954;2022-02-30;MiBanco;6,71380365989005;4,84817141819692;11,2939;1,3082;349410,614110348;9,985700000000001
1955;2022-03-30;MiBanco;6,86326846715458;3,90609081039353;11,5168;1,4668;352219,544574875;10,05
1956;2022-04-30;MiBanco;6,72872224041305;4,05956735448008;11,8497;1,5737;356360,952277521;10,276
1957;2022-05-30;MiBanco;6,87951185316677;2,55561245088643;12,1248;1,8519;355562,181344763;10,2729
1958;2022-06-30;MiBanco;6,85113269079384;3,73340672963062;12,4933;2,0823;361021,846173373;10,411
1959;2022-07-30;MiBanco;6,81238289895775;1,99929995548116;12,6616;2,2897;369690,15928018;10,3719
1960;2022-08-30;MiBanco;6,50962789040075;2,00923450710866;12,9406;2,4726;366647,946617273;10,468
1961;2022-09-30;MiBanco;6,62270426605895;2,1575485636082;13,3757;2,6123;369424,002927107;10,7634
1962;2022-10-30;MiBanco;6,73311668835263;2,60004901094656;13,5935;2,7542;366395,936714041;10,839300000000001
1963;2022-11-30;MiBanco;5,88284550751001;2,19611119378252;13,926;2,9257;362694,817549764;11,0003
1964;2022-12-30;MiBanco;5,56619160795089;1,28549481803624;14,2635;2,9706;359700,887677788;11,2929
1965;2023-01-30;MiBanco;4,97323397987653;-0,57827332938386;14,4623;3,1671;358160,728410833;11,295200000000001
1966;2023-02-30;MiBanco;4,52160013987104;-0,349595705654184;14,7364;3,3196;355361,513441952;11,4168
1967;2023-03-30;MiBanco;5,02561255130498;0,832314576504402;14,8803;3,4381;358265,32925923;11,4422
1968;2023-04-30;MiBanco;5,51403324940532;0,691224584296832;15,1693;3,5837;357840,458055733;11,5856
1969;2023-05-30;MiBanco;6,09706474392844;-1,17093071981193;15,2971;3,7155;356116,540382048;11,5816
1970;2023-06-30;MiBanco;6,31329843134432;-0,695984429638633;15,539;3,7597;354603,589179229;11,7793
1971;2023-07-30;MiBanco;6,36922864425522;-1,01583755810768;15,6423;3,8658;353847,808119614;11,7765
1972;2023-08-30;MiBanco;6,51310095820349;0,0614750474334791;15,7516;3,9045;356416,541034821;11,8471
1973;2023-09-30;MiBanco;6,2929152499935;-0,906756202466222;15,9513;3,963;359108,185513356;11,988299999999999
1974;2023-10-30;MiBanco;6,43078295176619;-0,682307691141691;15,9116;3,9019;359937,811494317;12,0097
1975;2023-11-30;MiBanco;6,40391599538369;0,701153437700412;15,876;3,7447;357828,458321504;12,1313
1976;2023-12-30;MiBanco;6,34694006764102;-0,945679280085103;15,8642;3,5484;357746,005812666;12,3158
1977;2024-01-30;MiBanco;6,31385495891276;1,83097461976354;15,8087;3,4516;355455,149034539;12,357099999999999
1978;2024-02-30;MiBanco;6,42799977813299;3,16241000807473;15,7303;3,3383;351565,53394342;12,392
1979;2024-03-30;MiBanco;6,72612927704372;-0,409690120959002;15,76;3,2448;353331,905670393;12,5152
1980;2024-04-30;MiBanco;6,70188366639851;5,52986981371346;15,734;3,1577;356241,641699629;12,5763
1981;2024-05-30;MiBanco;7,3;5,70691310837814;15,7542;3,0468;357552,518811107;12,7074
1982;2024-06-30;MiBanco;7,43;0,370585322038706;15,6527;2,9473;366420,50177239;12,7054
1983;2024-07-30;MiBanco;7,45139054993645;4,85868197288225;15,081;2,7852;364559,672342253;12,2958
1984;2024-08-30;MiBanco;7,29622941415064;3,97028100948149;14,9261;2,6448;366002,017201794;12,2813
1985;2024-09-30;MiBanco;7,05869490027756;3,49053235679599;14,7177;2,6053;361085,629076086;12,112400000000001
1986;2024-10-30;MiBanco;6,97132857285828;3,83110341773776;14,7445;2,561;357635,416378008;12,1835
1987;2024-11-30;MiBanco;6,71;4,38200682962149;14,781;2,5237;357014,157664061;12,2573
1988;2024-12-30;MiBanco;6,63;5,06622215564914;14,8781;2,42;357677,259424096;12,4581
1989;2025-01-30;MiBanco;6,13;4,40268408625997;14,9906;2,3587;354760,01862769;12,631900000000002
1990;2025-02-30;MiBanco;5,8;2,83135361395376;14,9064;2,3507;355585,444264296;12,5557
1991;2025-03-30;MiBanco;5,65;4,77444217851402;14,7668;2,3426;360539,211660019;12,424199999999999
1992;2025-04-30;MiBanco;5,45;1,29967380625761;14,9607;2,2863;363066,00391258;12,674399999999999
1993;2025-05-30;MiBanco;5,3;2,02240324884952;14,9519;2,2671;366803,283034096;12,6848
1994;2025-06-30;MiBanco;5,23;4,94005155999517;14,9807;2,2737;366620,72027072;12,707
1995;2025-07-30;MiBanco;5,11;3,55064175415287;15,0445;2,1616;372582,021288069;12,8829
1996;2025-08-30;MiBanco;4,95;3,16499600945614;15,149;2,1348;373750,315649748;13,014199999999999
1997;2025-09-30;MiBanco;4,76;4,39260049012083;15,3507;2,1383;373053,47833963;13,212399999999999
1998;2025-10-30;MiBanco;4,61;4,17632153639052;15,5555;2,12;372064,590718533;13,435500000000001
1999;2025-11-30;MiBanco;4,4;1,58920236608024;15,7477;2,0993;378114,510368936;13,6484
2000;2025-12-30;MiBanco;4,37;4,14063348002019;15,8871;1,9771;383542,1016983;13,91
2001;2010-01-30;Ripley;-4,78789472256119;3,09973872260936;19,97548;1,444581;91470,2482158548;18,530899
2002;2010-02-30;Ripley;-5,05191974756427;5,09543709179996;19,76036;1,39174;92459,18782068;18,36862
2003;2010-03-30;Ripley;-5,17124891376856;8,13674194381058;19,48806;1,35968;94126,3081121465;18,12838
2004;2010-04-30;Ripley;-4,81820087132644;7,9722443788201;19,39367;1,29767;95946,0098819624;18,096
2005;2010-05-30;Ripley;-4,2901939526892;7,53505209738022;19,17935;1,33258;97873,2306796958;17,84677
2006;2010-06-30;Ripley;-4,61383119517649;12,8277818078601;19,124;1,38977;99082,4339075997;17,73423
2007;2010-07-30;Ripley;-4,55159075813549;9,91181998600019;18,205;1,4506;100791,651839417;16,754399999999997
2008;2010-08-30;Ripley;-4,78195241039157;8,72290742396025;18,0813;1,6216;99774,2127051353;16,459699999999998
2009;2010-09-30;Ripley;-4,81128819388731;10,06527640767;18,3447;1,748;99406,3336637612;16,5967
2010;2010-10-30;Ripley;-4,88007794950802;9,42619659579032;18,7145;1,839;100541,496064182;16,875500000000002
2011;2010-11-30;Ripley;-4,74004335548112;8,83483102372992;18,718;1,842;103422,060777227;16,876
2012;2010-12-30;Ripley;-4,63583285251881;7,81210224176022;18,733;1,802;104896,071719061;16,931
2013;2011-01-30;Ripley;-4,82111696628512;9,56527024911006;18,679;1,865;105702,78900746;16,814
2014;2011-02-30;Ripley;-5,33347967388595;8,05783062817041;18,58;1,989;107403,07598927;16,590999999999998
2015;2011-03-30;Ripley;-5,33536842719344;7,68532243598949;18,6542;2,0394;110860,9531216;16,6148
2016;2011-04-30;Ripley;-5,31003066834202;7,42563488842943;18,512;2,0897;114610,68941318;16,4223
2017;2011-05-30;Ripley;-4,96117723598928;5,54189993776013;18,4926;2,3042;117469,44059454;16,1884
2018;2011-06-30;Ripley;-5,2351662636272;2,98103131605997;18,581;2,477;118641,26299725;16,104
2019;2011-07-30;Ripley;-5,033876870226;6,06507053676931;18,54;2,4761;120036,9824773;16,0639
2020;2011-08-30;Ripley;-5,05292515011466;6,48080840764941;18,659;2,5197;120983,04623169;16,1393
2021;2011-09-30;Ripley;-5,03481727937169;4,90474354881041;18,717;2,5533;122529,13554308;16,1637
2022;2011-10-30;Ripley;-5,13028652442977;4,45651581325019;19,0103;2,5842;123168,52310561;16,4261
2023;2011-11-30;Ripley;-5,06710972142528;4,74225301367989;18,849;2,5703;124573,8061602;16,2787
2024;2011-12-30;Ripley;-4,7117867045984;8,66690720500048;18,861;2,4681;127594,4615945;16,3929
2025;2012-01-30;Ripley;-4,84957186604374;5,45154968600407;19,0294;2,4645;128619,250751001;16,564899999999998
2026;2012-02-30;Ripley;-4,86500209160319;7,05454218784318;18,7579;2,5004;128618,768754377;16,2575
2027;2012-03-30;Ripley;-4,80452281244495;5,85691316374118;19,0135;2,5203;130336,955932312;16,4932
2028;2012-04-30;Ripley;-4,64686408115105;3,19711552540307;19,2147;2,4393;131099,764668099;16,7754
2029;2012-05-30;Ripley;-4,34889483515117;6,9171164679619;19,341;2,4561;135396,412392417;16,884900000000002
2030;2012-06-30;Ripley;-4,45200117123675;7,53631288857866;19,6167;2,4757;136587,360127535;17,141000000000002
2031;2012-07-30;Ripley;-4,1912469547247;7,25261754336291;19,469;2,4835;137632,713477335;16,985500000000002
2032;2012-08-30;Ripley;-4,16168093544042;7,06201511835402;19,4068;2,4274;138742,833903589;16,979400000000002
2033;2012-09-30;Ripley;-4,11422799419512;6,74548019154057;19,3003;2,4527;140098,644280677;16,8476
2034;2012-10-30;Ripley;-4,01962016487051;7,41634436032168;19,3323;2,4474;140619,089445488;16,884900000000002
2035;2012-11-30;Ripley;-3,83333835602381;6,06180649649839;19,2763;2,4423;141971,486761694;16,834
2036;2012-12-30;Ripley;-3,66165504804837;3,42503686357549;19,085;2,37;143381,752445136;16,715
2037;2013-01-30;Ripley;-3,72524278544575;6,45527800965146;19,4116;2,3774;143924,213626111;17,0342
2038;2013-02-30;Ripley;-3,8627569883697;5,08612805742209;19,27;2,3671;144967,892788439;16,9029
2039;2013-03-30;Ripley;-3,85864021896034;3,50645360666613;19,0781;2,2871;146983,042569046;16,791
2040;2013-04-30;Ripley;-4,05256352551983;8,82067463968362;19,0897;2,309;149588,04782395;16,7807
2041;2013-05-30;Ripley;-3,67797106742652;4,26285716421081;18,9452;2,3039;153200,527471291;16,6413
2042;2013-06-30;Ripley;-3,72494131888424;5,85480037508544;18,8077;2,3187;157619,942045018;16,489
2043;2013-07-30;Ripley;-3,50275863098889;5,31159859188824;18,4748;2,3271;159868,223628347;16,147699999999997
2044;2013-08-30;Ripley;-3,57049942892693;5,50543308658207;18,1187;2,3158;163789,801182292;15,802900000000001
2045;2013-09-30;Ripley;-3,66588036432716;4,86322588723548;17,5843;2,3467;164610,589487021;15,237599999999999
2046;2013-10-30;Ripley;-3,68964455551855;6,2085695594993;16,6471;2,3432;166348,164810084;14,303899999999999
2047;2013-11-30;Ripley;-3,72758468902121;7,28241158278986;16,3673;2,3327;170158,401818378;14,034600000000001
2048;2013-12-30;Ripley;-3,57490366846746;7,03298792251822;15,8765;2,2697;171751,523064292;13,6068
2049;2014-01-30;Ripley;-3,79414015101124;4,22779553969517;15,9881;2,2552;172329,943011801;13,732899999999999
2050;2014-02-30;Ripley;-3,99469530955569;5,20778584573871;15,8071;2,2636;173515,547867492;13,5435
2051;2014-03-30;Ripley;-4,06640320532508;5,41175050657321;15,6132;2,2732;175851,686060143;13,34
2052;2014-04-30;Ripley;-3,95236792360433;2,9227670766698;15,5293;2,2957;177923,043139245;13,2336
2053;2014-05-30;Ripley;-3,93181997395365;2,59010248818859;15,6132;2,3419;179043,133266155;13,2713
2054;2014-06-30;Ripley;-4,29001666619835;0,377809386320063;16,0437;2,403;182625,504765777;13,6407
2055;2014-07-30;Ripley;-4,30990142471746;1,44969443766443;15,9294;2,3829;183850,862135435;13,5465
2056;2014-08-30;Ripley;-4,38885463059476;1,35321229346922;15,8752;2,3319;185421,418434124;13,543299999999999
2057;2014-09-30;Ripley;-4,35924593993186;2,67337539829948;15,689;2,324;187783,967748193;13,365
2058;2014-10-30;Ripley;-1,58211334288511;2,27379963938056;15,5535;2,3087;190413,12089967;13,2448
2059;2014-11-30;Ripley;-4,26761353662596;0,157929164213429;15,6087;2,2923;192240,760977915;13,316400000000002
2060;2014-12-30;Ripley;-3,9073868110259;0,794857324711063;15,6694;2,2739;194937,779817565;13,3955
2061;2015-01-30;Ripley;-4,06519749555529;1,56136027088578;16,1668;2,2448;197122,269584258;13,921999999999999
2062;2015-02-30;Ripley;-3,81394734538598;1,23388958685352;15,9979;2,22;198325,232429746;13,777899999999999
2063;2015-03-30;Ripley;-4,07999601719899;2,93665474858232;16,0777;2,2281;202798,239654182;13,8496
2064;2015-04-30;Ripley;-3,86648228107546;4,19795086562356;15,9223333333333;2,21466666666667;206559,06471937;13,707666666666631
2065;2015-05-30;Ripley;-3,7471924606467;1,28310541124468;16,0042;2,2732;209835,686276021;13,731000000000002
2066;2015-06-30;Ripley;-3,78623088577513;4,0852915674958;16,1823;2,2477;210598,22149881;13,934600000000001
2067;2015-07-30;Ripley;-3,69941896564976;3,60261789062785;16,1542;2,2132;212490,570574082;13,940999999999999
2068;2015-08-30;Ripley;-3,81184163007042;2,66923547239152;16,2516;2,2558;216960,582850091;13,9958
2069;2015-09-30;Ripley;-3,85931559387809;3,1878615346694;16,0927;2,365;219330,718134439;13,7277
2070;2015-10-30;Ripley;-3,79442680382728;3,27340498190499;16,2439;2,37870967741936;221930,655338288;13,86519032258064
2071;2015-11-30;Ripley;-3,72293166194912;3,9419272426407;16,083;2,424;225923,716490611;13,658999999999999
2072;2015-12-30;Ripley;-2,86845898654968;6,50665717154398;16,0933;2,4073;225466,907267483;13,686
2073;2016-01-30;Ripley;-3,74949222937431;3,54102729192158;16,2358;2,4981;227274,63900488;13,7377
2074;2016-02-30;Ripley;-3,81394734538598;6,42433385603047;16,1293;2,57;229411,005103949;13,5593
2075;2016-03-30;Ripley;-3,77469350314906;3,54940732384805;16,0516;2,6139;226870,296620517;13,4377
2076;2016-04-30;Ripley;-3,65757113392517;2,76647916648216;15,9873;2,6137;227683,365987705;13,3736
2077;2016-05-30;Ripley;-3,52105904516214;4,87350380260541;16,0206;2,7061;228232,064959727;13,314500000000002
2078;2016-06-30;Ripley;-3,46345400236482;3,57853940223563;16,2;2,6457;228166,448775348;13,5543
2079;2016-07-30;Ripley;-3,40213147928174;3,58058848604883;16,3787;2,7039;231427,70755541;13,674799999999998
2080;2016-08-30;Ripley;-3,3851777927759;5,77374525795702;16,4984;2,7113;232269,69808908;13,7871
2081;2016-09-30;Ripley;-3,40382162320623;4,50899026825206;16,8447;2,705;233147,0156;14,1397
2082;2016-10-30;Ripley;-3,25723920180443;2,18073554688548;17,0642;2,7081;232223,63659347;14,3561
2083;2016-11-30;Ripley;-3,15511908074203;3,51819707926029;17,0273;2,6703;234678,355714603;14,357
2084;2016-12-30;Ripley;-2,86845898654968;3,47941209391209;17,1565;2,6303;234802,958740691;14,526200000000001
2085;2017-01-30;Ripley;-2,94732614788312;5,01618303367953;17,7387;2,7;231878,155603592;15,038700000000002
2086;2017-02-30;Ripley;-3,16959855214921;0,787434462023569;17,0679;2,7339;232033,630864814;14,334000000000001
2087;2017-03-30;Ripley;-3,20763028848419;1,16379585033846;16,9577;2,7077;231483,69539101;14,25
2088;2017-04-30;Ripley;-3,08469886129395;0,312176167669932;16,844;2,7083;231732,418459482;14,135700000000002
2089;2017-05-30;Ripley;-3,02371779924068;3,6584833367899;16,7794;2,7294;233202,820744494;14,049999999999999
2090;2017-06-30;Ripley;-3,07421059047634;3,97016280935115;17,084;2,7223;233091,202663926;14,361699999999999
2091;2017-07-30;Ripley;-2,98329666084974;2,23023573365417;17,0961;2,6939;234586,259024844;14,4022
2092;2017-08-30;Ripley;-2,92320431785092;2,8604754231328;16,9332;2,6571;235217,013544844;14,2761
2093;2017-09-30;Ripley;-2,71724571777915;3,35308282776933;16,6457;2,596;237583,524436263;14,049700000000001
2094;2017-10-30;Ripley;-2,66484873477397;3,60973198180482;16,4035;2,5858;238533,98464101;13,817700000000002
2095;2017-11-30;Ripley;-2,53813650959837;2,03212270846349;16,1023;2,5397;241891,656214012;13,5626
2096;2017-12-30;Ripley;-2,35946060618746;1,41887025613422;15,7974;2,461;243367,009744844;13,3364
2097;2018-01-30;Ripley;3,16261144341355;2,87233496226407;15,8884;2,4206;242941,760741095;13,4678
2098;2018-02-30;Ripley;3,16620648900593;2,71425300120006;15,6932;2,3446;245334,86868;13,3486
2099;2018-03-30;Ripley;3,24317025211609;3,8814633366802;15,1135;2,2861;246351,202016148;12,8274
2100;2018-04-30;Ripley;3,43247408543929;8,084233111352;14,347;2,2337;249116,793695291;12,113299999999999
2101;2018-05-30;Ripley;3,71170572113087;6,70725904443513;14,0677;2,1994;252163,211933841;11,868300000000001
2102;2018-06-30;Ripley;3,53531064936181;2,07181626049809;14,0947;2,26;253301,933239413;11,8347
2103;2018-07-30;Ripley;3,5331727066472;2,60707391223498;14,0626;2,2606;254421,797173841;11,802
2104;2018-08-30;Ripley;3,30668941984014;2,32022079624739;14,2242;2,2616;256503,807181553;11,9626
2105;2018-09-30;Ripley;3,21423123135287;2,39025390732122;14,302;2,2863;258816,6135;12,015699999999999
2106;2018-10-30;Ripley;3,13429189641957;4,08424499495933;14,1619;2,3381;262213,119146969;11,823799999999999
2107;2018-11-30;Ripley;2,96897149452504;5,05984750171066;14,2185;2,353;264496,08236;11,8655
2108;2018-12-30;Ripley;2,92844967492516;4,70875013950894;14,2958;2,3594;267601,59422432;11,936399999999999
2109;2019-01-30;Ripley;3,09360865083864;1,68204536506575;14,321;2,4245;265517,052688956;11,8965
2110;2019-02-30;Ripley;3,09094410727997;2,08192064619262;14,3586;2,4704;264617,017414623;11,8882
2111;2019-03-30;Ripley;2,90169803525171;3,38565671233177;14,4926;2,4184;268155,642070597;12,0742
2112;2019-04-30;Ripley;2,95280812451882;-0,00370655104660235;14,509;2,4783;268798,917735074;12,0307
2113;2019-05-30;Ripley;3,15546168289517;0,689357311198934;14,4781;2,4839;272208,722555459;11,9942
2114;2019-06-30;Ripley;2,96112684094831;2,8184051537171;14,589;2,4923;272167,815575488;12,0967
2115;2019-07-30;Ripley;2,95832210315749;3,93022450861361;14,501;2,4655;274252,564675074;12,035499999999999
2116;2019-08-30;Ripley;3,02244849842094;3,71508023590506;14,4355;2,4068;278775,3476757;12,028699999999999
2117;2019-09-30;Ripley;3,13905640838754;2,53124314155433;14,4193;2,3203;279218,395525627;12,099
2118;2019-10-30;Ripley;3,1314024058496;2,70764198774884;14,2445;2,2823;282695,597197098;11,9622
2119;2019-11-30;Ripley;3,02004415183125;2,31063247935892;14,192;2,266;285104,147780919;11,926
2120;2019-12-30;Ripley;3,03999609711719;1,2406739415473;14,0848;2,1952;283417,612610272;11,8896
2121;2020-01-30;Ripley;3,16799553812524;3,30328579210706;14,351;2,1571;284480,616991903;12,193900000000001
2122;2020-02-30;Ripley;3,10535078932202;4,57990369607169;14,2166;2,1403;287509,080545274;12,0763
2123;2020-03-30;Ripley;3,08532807740341;-17,6060068593198;14,0555;2,0994;292520,521325249;11,9561
2124;2020-04-30;Ripley;2,77748560983821;-39,276985716532;13,3643;1,9517;294981,865972206;11,4126
2125;2020-05-30;Ripley;1,41028737544909;-32,727246502532;12,7823;1,7423;317901,940662927;11,04
2126;2020-06-30;Ripley;1,81867842712017;-18,1034455760272;12,4427;1,4927;323619,763992646;10,950000000000001
2127;2020-07-30;Ripley;2,00704460110529;-11,0192247908879;12,2887;1,3048;328728,354384708;10,9839
2128;2020-08-30;Ripley;2,34311309322883;-9,1655146146572;12,3435;1,1994;330282,552725012;11,1441
2129;2020-09-30;Ripley;4,27972615523155;-5,86720943430298;12,4423;1,1513;329715,208692015;11,291
2130;2020-10-30;Ripley;5,89445919948895;-3,25483448382076;12,4984;1,1065;329466,619187729;11,3919
2131;2020-11-30;Ripley;9,50740637658535;-2,10701610176808;12,3737;1,0603;330898,145004204;11,3134
2132;2020-12-30;Ripley;11,6509639805026;1,03032310851424;12,101;1,01;330497,714999158;11,091000000000001
2133;2021-01-30;Ripley;8,48620771443461;-0,997341320021622;12,0323;0,9526;322545,157791186;11,079699999999999
2134;2021-02-30;Ripley;6,29237574577347;-3,82132610746839;11,8846;0,9139;325538,713886489;10,9707
2135;2021-03-30;Ripley;3,66658157366055;19,8682137808316;11,1365;0,8919;330091,565388301;10,2446
2136;2021-04-30;Ripley;3,46748804760576;59,8947623291564;11,0793;0,8914;334027,12164637;10,187899999999999
2137;2021-05-30;Ripley;4,31408175607647;48,5993221115384;10,8042;0,8623;339745,11524814;9,9419
2138;2021-06-30;Ripley;4,18046569201298;23,4110933239464;10,683;0,819;346308,316824556;9,864
2139;2021-07-30;Ripley;3,66332483145834;13,3172829771082;10,6816;0,7865;356316,82537433;9,8951
2140;2021-08-30;Ripley;3,31462915424235;12,0115996029552;10,6861;0,7632;352728,81126038;9,9229
2141;2021-09-30;Ripley;2,8345429912169;10,0310469174935;10,4913;0,7803;353224,181395059;9,711
2142;2021-10-30;Ripley;2,46264768763632;4,76941227826566;10,5577;0,8197;348531,963698612;9,738000000000001
2143;2021-11-30;Ripley;2,17645683968142;3,75939452387283;10,7307;0,9177;351524,562791852;9,813
2144;2021-12-30;Ripley;1,87789725960807;2,03857895343596;10,9868;1,0332;351547,028702497;9,953600000000002
2145;2022-01-30;Ripley;1,91378271447299;3,07233820894321;11,1277;1,1216;347860,89644456;10,0061
2146;2022-02-30;Ripley;1,99386451326668;4,84817141819692;11,2939;1,3082;349410,614110348;9,985700000000001
2147;2022-03-30;Ripley;2,1545195069836;3,90609081039353;11,5168;1,4668;352219,544574875;10,05
2148;2022-04-30;Ripley;2,46443927501014;4,05956735448008;11,8497;1,5737;356360,952277521;10,276
2149;2022-05-30;Ripley;2,72801148207722;2,55561245088643;12,1248;1,8519;355562,181344763;10,2729
2150;2022-06-30;Ripley;2,82400876043234;3,73340672963062;12,4933;2,0823;361021,846173373;10,411
2151;2022-07-30;Ripley;3,07878849735397;1,99929995548116;12,6616;2,2897;369690,15928018;10,3719
2152;2022-08-30;Ripley;3,12361902717151;2,00923450710866;12,9406;2,4726;366647,946617273;10,468
2153;2022-09-30;Ripley;3,0666835204005;2,1575485636082;13,3757;2,6123;369424,002927107;10,7634
2154;2022-10-30;Ripley;2,97270445310005;2,60004901094656;13,5935;2,7542;366395,936714041;10,839300000000001
2155;2022-11-30;Ripley;2,80338389977249;2,19611119378252;13,926;2,9257;362694,817549764;11,0003
2156;2022-12-30;Ripley;2,91940431734582;1,28549481803624;14,2635;2,9706;359700,887677788;11,2929
2157;2023-01-30;Ripley;2,99210893219689;-0,57827332938386;14,4623;3,1671;358160,728410833;11,295200000000001
2158;2023-02-30;Ripley;3,08216008114311;-0,349595705654184;14,7364;3,3196;355361,513441952;11,4168
2159;2023-03-30;Ripley;3,11789206254267;0,832314576504402;14,8803;3,4381;358265,32925923;11,4422
2160;2023-04-30;Ripley;3,46549443172939;0,691224584296832;15,1693;3,5837;357840,458055733;11,5856
2161;2023-05-30;Ripley;4,19072787627675;-1,17093071981193;15,2971;3,7155;356116,540382048;11,5816
2162;2023-06-30;Ripley;4,47522281503107;-0,695984429638633;15,539;3,7597;354603,589179229;11,7793
2163;2023-07-30;Ripley;4,55958356253014;-1,01583755810768;15,6423;3,8658;353847,808119614;11,7765
2164;2023-08-30;Ripley;4,41038938443686;0,0614750474334791;15,7516;3,9045;356416,541034821;11,8471
2165;2023-09-30;Ripley;4,59230776745374;-0,906756202466222;15,9513;3,963;359108,185513356;11,988299999999999
2166;2023-10-30;Ripley;4,75217091742845;-0,682307691141691;15,9116;3,9019;359937,811494317;12,0097
2167;2023-11-30;Ripley;5,06640596375639;0,701153437700412;15,876;3,7447;357828,458321504;12,1313
2168;2023-12-30;Ripley;5,75873940441931;-0,945679280085103;15,8642;3,5484;357746,005812666;12,3158
2169;2024-01-30;Ripley;6,03153339208055;1,83097461976354;15,8087;3,4516;355455,149034539;12,357099999999999
2170;2024-02-30;Ripley;5,64292779938791;3,16241000807473;15,7303;3,3383;351565,53394342;12,392
2171;2024-03-30;Ripley;5,54114990625996;-0,409690120959002;15,76;3,2448;353331,905670393;12,5152
2172;2024-04-30;Ripley;5,74014640122221;5,52986981371346;15,734;3,1577;356241,641699629;12,5763
2173;2024-05-30;Ripley;6,14;5,70691310837814;15,7542;3,0468;357552,518811107;12,7074
2174;2024-06-30;Ripley;5,66;0,370585322038706;15,6527;2,9473;366420,50177239;12,7054
2175;2024-07-30;Ripley;5,2584383822271;4,85868197288225;15,081;2,7852;364559,672342253;12,2958
2176;2024-08-30;Ripley;4,70594668412008;3,97028100948149;14,9261;2,6448;366002,017201794;12,2813
2177;2024-09-30;Ripley;4,36155410791821;3,49053235679599;14,7177;2,6053;361085,629076086;12,112400000000001
2178;2024-10-30;Ripley;4,13403937036638;3,83110341773776;14,7445;2,561;357635,416378008;12,1835
2179;2024-11-30;Ripley;3,75;4,38200682962149;14,781;2,5237;357014,157664061;12,2573
2180;2024-12-30;Ripley;3,67;5,06622215564914;14,8781;2,42;357677,259424096;12,4581
2181;2025-01-30;Ripley;3,76;4,40268408625997;14,9906;2,3587;354760,01862769;12,631900000000002
2182;2025-02-30;Ripley;3,51;2,83135361395376;14,9064;2,3507;355585,444264296;12,5557
2183;2025-03-30;Ripley;3,47;4,77444217851402;14,7668;2,3426;360539,211660019;12,424199999999999
2184;2025-04-30;Ripley;3,47;1,29967380625761;14,9607;2,2863;363066,00391258;12,674399999999999
2185;2025-05-30;Ripley;3,8;2,02240324884952;14,9519;2,2671;366803,283034096;12,6848
2186;2025-06-30;Ripley;3,62;4,94005155999517;14,9807;2,2737;366620,72027072;12,707
2187;2025-07-30;Ripley;3,61;3,55064175415287;15,0445;2,1616;372582,021288069;12,8829
2188;2025-08-30;Ripley;3,47;3,16499600945614;15,149;2,1348;373750,315649748;13,014199999999999
2189;2025-09-30;Ripley;3,37;4,39260049012083;15,3507;2,1383;373053,47833963;13,212399999999999
2190;2025-10-30;Ripley;3,34;4,17632153639052;15,5555;2,12;372064,590718533;13,435500000000001
2191;2025-11-30;Ripley;3,11;1,58920236608024;15,7477;2,0993;378114,510368936;13,6484
2192;2025-12-30;Ripley;3,2;4,14063348002019;15,8871;1,9771;383542,1016983;13,91
2193;2010-01-30;Santander;-1,67004632688076;3,09973872260936;19,97548;1,444581;91470,2482158548;18,530899
2194;2010-02-30;Santander;-1,7522212101066;5,09543709179996;19,76036;1,39174;92459,18782068;18,36862
2195;2010-03-30;Santander;-2,00133826245416;8,13674194381058;19,48806;1,35968;94126,3081121465;18,12838
2196;2010-04-30;Santander;-1,88159085828805;7,9722443788201;19,39367;1,29767;95946,0098819624;18,096
2197;2010-05-30;Santander;-1,75886561913462;7,53505209738022;19,17935;1,33258;97873,2306796958;17,84677
2198;2010-06-30;Santander;-1,79307734439417;12,8277818078601;19,124;1,38977;99082,4339075997;17,73423
2199;2010-07-30;Santander;-1,80356033116608;9,91181998600019;18,205;1,4506;100791,651839417;16,754399999999997
2200;2010-08-30;Santander;-1,77242127762639;8,72290742396025;18,0813;1,6216;99774,2127051353;16,459699999999998
2201;2010-09-30;Santander;-1,65744818284904;10,06527640767;18,3447;1,748;99406,3336637612;16,5967
2202;2010-10-30;Santander;-1,69318155086505;9,42619659579032;18,7145;1,839;100541,496064182;16,875500000000002
2203;2010-11-30;Santander;-1,67518782788209;8,83483102372992;18,718;1,842;103422,060777227;16,876
2204;2010-12-30;Santander;-1,63727686306756;7,81210224176022;18,733;1,802;104896,071719061;16,931
2205;2011-01-30;Santander;-1,7363905654671;9,56527024911006;18,679;1,865;105702,78900746;16,814
2206;2011-02-30;Santander;-1,71791757516677;8,05783062817041;18,58;1,989;107403,07598927;16,590999999999998
2207;2011-03-30;Santander;-1,63719820321781;7,68532243598949;18,6542;2,0394;110860,9531216;16,6148
2208;2011-04-30;Santander;-1,66786043630611;7,42563488842943;18,512;2,0897;114610,68941318;16,4223
2209;2011-05-30;Santander;-1,65366719102586;5,54189993776013;18,4926;2,3042;117469,44059454;16,1884
2210;2011-06-30;Santander;-1,64605567928303;2,98103131605997;18,581;2,477;118641,26299725;16,104
2211;2011-07-30;Santander;-1,64018816545239;6,06507053676931;18,54;2,4761;120036,9824773;16,0639
2212;2011-08-30;Santander;-1,64846767130496;6,48080840764941;18,659;2,5197;120983,04623169;16,1393
2213;2011-09-30;Santander;-1,60346097379366;4,90474354881041;18,717;2,5533;122529,13554308;16,1637
2214;2011-10-30;Santander;-1,57674170207404;4,45651581325019;19,0103;2,5842;123168,52310561;16,4261
2215;2011-11-30;Santander;-1,5547464899517;4,74225301367989;18,849;2,5703;124573,8061602;16,2787
2216;2011-12-30;Santander;-1,53754099846767;8,66690720500048;18,861;2,4681;127594,4615945;16,3929
2217;2012-01-30;Santander;-1,70649752404133;5,45154968600407;19,0294;2,4645;128619,250751001;16,564899999999998
2218;2012-02-30;Santander;-1,69261339347142;7,05454218784318;18,7579;2,5004;128618,768754377;16,2575
2219;2012-03-30;Santander;-1,79043936639378;5,85691316374118;19,0135;2,5203;130336,955932312;16,4932
2220;2012-04-30;Santander;-1,30483803328088;3,19711552540307;19,2147;2,4393;131099,764668099;16,7754
2221;2012-05-30;Santander;-1,32813411357646;6,9171164679619;19,341;2,4561;135396,412392417;16,884900000000002
2222;2012-06-30;Santander;-1,27585750093407;7,53631288857866;19,6167;2,4757;136587,360127535;17,141000000000002
2223;2012-07-30;Santander;-1,15961699680131;7,25261754336291;19,469;2,4835;137632,713477335;16,985500000000002
2224;2012-08-30;Santander;-1,16793724098879;7,06201511835402;19,4068;2,4274;138742,833903589;16,979400000000002
2225;2012-09-30;Santander;-1,06779607516053;6,74548019154057;19,3003;2,4527;140098,644280677;16,8476
2226;2012-10-30;Santander;-1,00736051251387;7,41634436032168;19,3323;2,4474;140619,089445488;16,884900000000002
2227;2012-11-30;Santander;-1,27317107550389;6,06180649649839;19,2763;2,4423;141971,486761694;16,834
2228;2012-12-30;Santander;-1,224629270832;3,42503686357549;19,085;2,37;143381,752445136;16,715
2229;2013-01-30;Santander;-1,32995132573386;6,45527800965146;19,4116;2,3774;143924,213626111;17,0342
2230;2013-02-30;Santander;-1,33490326159259;5,08612805742209;19,27;2,3671;144967,892788439;16,9029
2231;2013-03-30;Santander;-1,3189609943749;3,50645360666613;19,0781;2,2871;146983,042569046;16,791
2232;2013-04-30;Santander;-1,29800452060085;8,82067463968362;19,0897;2,309;149588,04782395;16,7807
2233;2013-05-30;Santander;-1,49444118743194;4,26285716421081;18,9452;2,3039;153200,527471291;16,6413
2234;2013-06-30;Santander;-1,48557649159857;5,85480037508544;18,8077;2,3187;157619,942045018;16,489
2235;2013-07-30;Santander;-1,59769534482232;5,31159859188824;18,4748;2,3271;159868,223628347;16,147699999999997
2236;2013-08-30;Santander;-1,57151649579551;5,50543308658207;18,1187;2,3158;163789,801182292;15,802900000000001
2237;2013-09-30;Santander;-1,61307280890805;4,86322588723548;17,5843;2,3467;164610,589487021;15,237599999999999
2238;2013-10-30;Santander;-1,71877138536714;6,2085695594993;16,6471;2,3432;166348,164810084;14,303899999999999
2239;2013-11-30;Santander;-1,66995004879177;7,28241158278986;16,3673;2,3327;170158,401818378;14,034600000000001
2240;2013-12-30;Santander;-1,72102054907223;7,03298792251822;15,8765;2,2697;171751,523064292;13,6068
2241;2014-01-30;Santander;-1,81810011023739;4,22779553969517;15,9881;2,2552;172329,943011801;13,732899999999999
2242;2014-02-30;Santander;-1,82392930684812;5,20778584573871;15,8071;2,2636;173515,547867492;13,5435
2243;2014-03-30;Santander;-1,77519011013605;5,41175050657321;15,6132;2,2732;175851,686060143;13,34
2244;2014-04-30;Santander;-1,78886620625653;2,9227670766698;15,5293;2,2957;177923,043139245;13,2336
2245;2014-05-30;Santander;-1,78618830847339;2,59010248818859;15,6132;2,3419;179043,133266155;13,2713
2246;2014-06-30;Santander;-1,71509453325797;0,377809386320063;16,0437;2,403;182625,504765777;13,6407
2247;2014-07-30;Santander;-1,62073170916032;1,44969443766443;15,9294;2,3829;183850,862135435;13,5465
2248;2014-08-30;Santander;-1,52170703163164;1,35321229346922;15,8752;2,3319;185421,418434124;13,543299999999999
2249;2014-09-30;Santander;-1,44246684524642;2,67337539829948;15,689;2,324;187783,967748193;13,365
2250;2014-10-30;Santander;-1,48074874499164;2,27379963938056;15,5535;2,3087;190413,12089967;13,2448
2251;2014-11-30;Santander;-1,45801740962537;0,157929164213429;15,6087;2,2923;192240,760977915;13,316400000000002
2252;2014-12-30;Santander;-1,46216496926862;0,794857324711063;15,6694;2,2739;194937,779817565;13,3955
2253;2015-01-30;Santander;-1,45939463358399;1,56136027088578;16,1668;2,2448;197122,269584258;13,921999999999999
2254;2015-02-30;Santander;-1,39966838507491;1,23388958685352;15,9979;2,22;198325,232429746;13,777899999999999
2255;2015-03-30;Santander;-1,56049765724042;2,93665474858232;16,0777;2,2281;202798,239654182;13,8496
2256;2015-04-30;Santander;-1,57472261914832;4,19795086562356;15,9223333333333;2,21466666666667;206559,06471937;13,707666666666631
2257;2015-05-30;Santander;-1,52220498772784;1,28310541124468;16,0042;2,2732;209835,686276021;13,731000000000002
2258;2015-06-30;Santander;-1,64370830600385;4,0852915674958;16,1823;2,2477;210598,22149881;13,934600000000001
2259;2015-07-30;Santander;-1,58089323800753;3,60261789062785;16,1542;2,2132;212490,570574082;13,940999999999999
2260;2015-08-30;Santander;-1,6461609254258;2,66923547239152;16,2516;2,2558;216960,582850091;13,9958
2261;2015-09-30;Santander;-1,47890624472119;3,1878615346694;16,0927;2,365;219330,718134439;13,7277
2262;2015-10-30;Santander;-1,47299814503544;3,27340498190499;16,2439;2,37870967741936;221930,655338288;13,86519032258064
2263;2015-11-30;Santander;-1,44794627255155;3,9419272426407;16,083;2,424;225923,716490611;13,658999999999999
2264;2015-12-30;Santander;-0,468216306485686;6,50665717154398;16,0933;2,4073;225466,907267483;13,686
2265;2016-01-30;Santander;-1,27344070107697;3,54102729192158;16,2358;2,4981;227274,63900488;13,7377
2266;2016-02-30;Santander;-1,39966838507491;6,42433385603047;16,1293;2,57;229411,005103949;13,5593
2267;2016-03-30;Santander;-1,16487293002592;3,54940732384805;16,0516;2,6139;226870,296620517;13,4377
2268;2016-04-30;Santander;-1,1589231263082;2,76647916648216;15,9873;2,6137;227683,365987705;13,3736
2269;2016-05-30;Santander;-1,15054195266279;4,87350380260541;16,0206;2,7061;228232,064959727;13,314500000000002
2270;2016-06-30;Santander;-1,07610526154114;3,57853940223563;16,2;2,6457;228166,448775348;13,5543
2271;2016-07-30;Santander;-0,966994319224066;3,58058848604883;16,3787;2,7039;231427,70755541;13,674799999999998
2272;2016-08-30;Santander;-1,01842595903442;5,77374525795702;16,4984;2,7113;232269,69808908;13,7871
2273;2016-09-30;Santander;-0,741950983664325;4,50899026825206;16,8447;2,705;233147,0156;14,1397
2274;2016-10-30;Santander;-0,36807186091707;2,18073554688548;17,0642;2,7081;232223,63659347;14,3561
2275;2016-11-30;Santander;-0,393157972619658;3,51819707926029;17,0273;2,6703;234678,355714603;14,357
2276;2016-12-30;Santander;-0,468216306485686;3,47941209391209;17,1565;2,6303;234802,958740691;14,526200000000001
2277;2017-01-30;Santander;-0,422193625015004;5,01618303367953;17,7387;2,7;231878,155603592;15,038700000000002
2278;2017-02-30;Santander;-0,555351489635777;0,787434462023569;17,0679;2,7339;232033,630864814;14,334000000000001
2279;2017-03-30;Santander;-0,540258606235879;1,16379585033846;16,9577;2,7077;231483,69539101;14,25
2280;2017-04-30;Santander;-0,597578445096173;0,312176167669932;16,844;2,7083;231732,418459482;14,135700000000002
2281;2017-05-30;Santander;-0,613374295595051;3,6584833367899;16,7794;2,7294;233202,820744494;14,049999999999999
2282;2017-06-30;Santander;-0,00702704121284;3,97016280935115;17,084;2,7223;233091,202663926;14,361699999999999
2283;2017-07-30;Santander;0,034658827547672;2,23023573365417;17,0961;2,6939;234586,259024844;14,4022
2284;2017-08-30;Santander;-0,0388681310512667;2,8604754231328;16,9332;2,6571;235217,013544844;14,2761
2285;2017-09-30;Santander;-0,138108270876777;3,35308282776933;16,6457;2,596;237583,524436263;14,049700000000001
2286;2017-10-30;Santander;0,0661631540639759;3,60973198180482;16,4035;2,5858;238533,98464101;13,817700000000002
2287;2017-11-30;Santander;-0,209752623520842;2,03212270846349;16,1023;2,5397;241891,656214012;13,5626
2288;2017-12-30;Santander;-0,238156746285283;1,41887025613422;15,7974;2,461;243367,009744844;13,3364
2289;2018-01-30;Santander;1,05823740346388;2,87233496226407;15,8884;2,4206;242941,760741095;13,4678
2290;2018-02-30;Santander;1,1725203669876;2,71425300120006;15,6932;2,3446;245334,86868;13,3486
2291;2018-03-30;Santander;1,02429424872237;3,8814633366802;15,1135;2,2861;246351,202016148;12,8274
2292;2018-04-30;Santander;0,985823062905846;8,084233111352;14,347;2,2337;249116,793695291;12,113299999999999
2293;2018-05-30;Santander;0,946817519970278;6,70725904443513;14,0677;2,1994;252163,211933841;11,868300000000001
2294;2018-06-30;Santander;0,855190660133452;2,07181626049809;14,0947;2,26;253301,933239413;11,8347
2295;2018-07-30;Santander;0,880923512751259;2,60707391223498;14,0626;2,2606;254421,797173841;11,802
2296;2018-08-30;Santander;0,942591667273814;2,32022079624739;14,2242;2,2616;256503,807181553;11,9626
2297;2018-09-30;Santander;0,707939238538635;2,39025390732122;14,302;2,2863;258816,6135;12,015699999999999
2298;2018-10-30;Santander;0,61333808255207;4,08424499495933;14,1619;2,3381;262213,119146969;11,823799999999999
2299;2018-11-30;Santander;0,583848914065565;5,05984750171066;14,2185;2,353;264496,08236;11,8655
2300;2018-12-30;Santander;0,622933389740271;4,70875013950894;14,2958;2,3594;267601,59422432;11,936399999999999
2301;2019-01-30;Santander;0,636729837093474;1,68204536506575;14,321;2,4245;265517,052688956;11,8965
2302;2019-02-30;Santander;0,62193070187836;2,08192064619262;14,3586;2,4704;264617,017414623;11,8882
2303;2019-03-30;Santander;0,539126293688453;3,38565671233177;14,4926;2,4184;268155,642070597;12,0742
2304;2019-04-30;Santander;0,566182073760726;-0,00370655104660235;14,509;2,4783;268798,917735074;12,0307
2305;2019-05-30;Santander;0,555065385255499;0,689357311198934;14,4781;2,4839;272208,722555459;11,9942
2306;2019-06-30;Santander;0,653604096640281;2,8184051537171;14,589;2,4923;272167,815575488;12,0967
2307;2019-07-30;Santander;0,624761914435401;3,93022450861361;14,501;2,4655;274252,564675074;12,035499999999999
2308;2019-08-30;Santander;0,539661760982541;3,71508023590506;14,4355;2,4068;278775,3476757;12,028699999999999
2309;2019-09-30;Santander;0,531480970493935;2,53124314155433;14,4193;2,3203;279218,395525627;12,099
2310;2019-10-30;Santander;0,496696219683894;2,70764198774884;14,2445;2,2823;282695,597197098;11,9622
2311;2019-11-30;Santander;0,859360605784716;2,31063247935892;14,192;2,266;285104,147780919;11,926
2312;2019-12-30;Santander;0,546288801010192;1,2406739415473;14,0848;2,1952;283417,612610272;11,8896
2313;2020-01-30;Santander;0,630623167520239;3,30328579210706;14,351;2,1571;284480,616991903;12,193900000000001
2314;2020-02-30;Santander;0,604362758550297;4,57990369607169;14,2166;2,1403;287509,080545274;12,0763
2315;2020-03-30;Santander;1,44628371783288;-17,6060068593198;14,0555;2,0994;292520,521325249;11,9561
2316;2020-04-30;Santander;0,959057894779332;-39,276985716532;13,3643;1,9517;294981,865972206;11,4126
2317;2020-05-30;Santander;0,94840097506561;-32,727246502532;12,7823;1,7423;317901,940662927;11,04
2318;2020-06-30;Santander;0,94301367181706;-18,1034455760272;12,4427;1,4927;323619,763992646;10,950000000000001
2319;2020-07-30;Santander;0,982231799495117;-11,0192247908879;12,2887;1,3048;328728,354384708;10,9839
2320;2020-08-30;Santander;0,970181317924092;-9,1655146146572;12,3435;1,1994;330282,552725012;11,1441
2321;2020-09-30;Santander;0,989865008522082;-5,86720943430298;12,4423;1,1513;329715,208692015;11,291
2322;2020-10-30;Santander;0,776527687470226;-3,25483448382076;12,4984;1,1065;329466,619187729;11,3919
2323;2020-11-30;Santander;0,805065076398628;-2,10701610176808;12,3737;1,0603;330898,145004204;11,3134
2324;2020-12-30;Santander;0,893475736895515;1,03032310851424;12,101;1,01;330497,714999158;11,091000000000001
2325;2021-01-30;Santander;0,911648546244193;-0,997341320021622;12,0323;0,9526;322545,157791186;11,079699999999999
2326;2021-02-30;Santander;1,01239513829752;-3,82132610746839;11,8846;0,9139;325538,713886489;10,9707
2327;2021-03-30;Santander;1,0072974636527;19,8682137808316;11,1365;0,8919;330091,565388301;10,2446
2328;2021-04-30;Santander;1,03859339252923;59,8947623291564;11,0793;0,8914;334027,12164637;10,187899999999999
2329;2021-05-30;Santander;1,01665427520341;48,5993221115384;10,8042;0,8623;339745,11524814;9,9419
2330;2021-06-30;Santander;1,30628189671656;23,4110933239464;10,683;0,819;346308,316824556;9,864
2331;2021-07-30;Santander;1,42682046944749;13,3172829771082;10,6816;0,7865;356316,82537433;9,8951
2332;2021-08-30;Santander;1,16518908422128;12,0115996029552;10,6861;0,7632;352728,81126038;9,9229
2333;2021-09-30;Santander;1,21228245841964;10,0310469174935;10,4913;0,7803;353224,181395059;9,711
2334;2021-10-30;Santander;1,17907688202535;4,76941227826566;10,5577;0,8197;348531,963698612;9,738000000000001
2335;2021-11-30;Santander;1,15584753743987;3,75939452387283;10,7307;0,9177;351524,562791852;9,813
2336;2021-12-30;Santander;1,05373224127205;2,03857895343596;10,9868;1,0332;351547,028702497;9,953600000000002
2337;2022-01-30;Santander;1,04729688530327;3,07233820894321;11,1277;1,1216;347860,89644456;10,0061
2338;2022-02-30;Santander;1,0046134564048;4,84817141819692;11,2939;1,3082;349410,614110348;9,985700000000001
2339;2022-03-30;Santander;1,14042734421571;3,90609081039353;11,5168;1,4668;352219,544574875;10,05
2340;2022-04-30;Santander;1,48163075498594;4,05956735448008;11,8497;1,5737;356360,952277521;10,276
2341;2022-05-30;Santander;1,4341360902183;2,55561245088643;12,1248;1,8519;355562,181344763;10,2729
2342;2022-06-30;Santander;1,01858614786906;3,73340672963062;12,4933;2,0823;361021,846173373;10,411
2343;2022-07-30;Santander;0,890438479491301;1,99929995548116;12,6616;2,2897;369690,15928018;10,3719
2344;2022-08-30;Santander;0,886421281642044;2,00923450710866;12,9406;2,4726;366647,946617273;10,468
2345;2022-09-30;Santander;0,942665276840495;2,1575485636082;13,3757;2,6123;369424,002927107;10,7634
2346;2022-10-30;Santander;1,07225600169897;2,60004901094656;13,5935;2,7542;366395,936714041;10,839300000000001
2347;2022-11-30;Santander;1,31846067239136;2,19611119378252;13,926;2,9257;362694,817549764;11,0003
2348;2022-12-30;Santander;1,53056580763982;1,28549481803624;14,2635;2,9706;359700,887677788;11,2929
2349;2023-01-30;Santander;1,89122260621223;-0,57827332938386;14,4623;3,1671;358160,728410833;11,295200000000001
2350;2023-02-30;Santander;1,60635448115431;-0,349595705654184;14,7364;3,3196;355361,513441952;11,4168
2351;2023-03-30;Santander;1,5002722745085;0,832314576504402;14,8803;3,4381;358265,32925923;11,4422
2352;2023-04-30;Santander;1,5532814920434;0,691224584296832;15,1693;3,5837;357840,458055733;11,5856
2353;2023-05-30;Santander;1,49220056940507;-1,17093071981193;15,2971;3,7155;356116,540382048;11,5816
2354;2023-06-30;Santander;1,43753204790725;-0,695984429638633;15,539;3,7597;354603,589179229;11,7793
2355;2023-07-30;Santander;1,54868309295673;-1,01583755810768;15,6423;3,8658;353847,808119614;11,7765
2356;2023-08-30;Santander;1,28106067255269;0,0614750474334791;15,7516;3,9045;356416,541034821;11,8471
2357;2023-09-30;Santander;1,29856643641629;-0,906756202466222;15,9513;3,963;359108,185513356;11,988299999999999
2358;2023-10-30;Santander;1,29170683283598;-0,682307691141691;15,9116;3,9019;359937,811494317;12,0097
2359;2023-11-30;Santander;1,29910435008912;0,701153437700412;15,876;3,7447;357828,458321504;12,1313
2360;2023-12-30;Santander;1,48336460058589;-0,945679280085103;15,8642;3,5484;357746,005812666;12,3158
2361;2024-01-30;Santander;1,39144015979579;1,83097461976354;15,8087;3,4516;355455,149034539;12,357099999999999
2362;2024-02-30;Santander;1,42365792192241;3,16241000807473;15,7303;3,3383;351565,53394342;12,392
2363;2024-03-30;Santander;1,53590030857437;-0,409690120959002;15,76;3,2448;353331,905670393;12,5152
2364;2024-04-30;Santander;3,94350656619759;5,52986981371346;15,734;3,1577;356241,641699629;12,5763
2365;2024-05-30;Santander;4,12;5,70691310837814;15,7542;3,0468;357552,518811107;12,7074
2366;2024-06-30;Santander;4,77;0,370585322038706;15,6527;2,9473;366420,50177239;12,7054
2367;2024-07-30;Santander;4,83134091112889;4,85868197288225;15,081;2,7852;364559,672342253;12,2958
2368;2024-08-30;Santander;5,12415921823507;3,97028100948149;14,9261;2,6448;366002,017201794;12,2813
2369;2024-09-30;Santander;5,12402419694766;3,49053235679599;14,7177;2,6053;361085,629076086;12,112400000000001
2370;2024-10-30;Santander;5,21496420216153;3,83110341773776;14,7445;2,561;357635,416378008;12,1835
2371;2024-11-30;Santander;4,78;4,38200682962149;14,781;2,5237;357014,157664061;12,2573
2372;2024-12-30;Santander;4,89;5,06622215564914;14,8781;2,42;357677,259424096;12,4581
2373;2025-01-30;Santander;5,03;4,40268408625997;14,9906;2,3587;354760,01862769;12,631900000000002
2374;2025-02-30;Santander;5,19;2,83135361395376;14,9064;2,3507;355585,444264296;12,5557
2375;2025-03-30;Santander;5,16;4,77444217851402;14,7668;2,3426;360539,211660019;12,424199999999999
2376;2025-04-30;Santander;5,16;1,29967380625761;14,9607;2,2863;363066,00391258;12,674399999999999
2377;2025-05-30;Santander;4,04;2,02240324884952;14,9519;2,2671;366803,283034096;12,6848
2378;2025-06-30;Santander;2,76;4,94005155999517;14,9807;2,2737;366620,72027072;12,707
2379;2025-07-30;Santander;2,72;3,55064175415287;15,0445;2,1616;372582,021288069;12,8829
2380;2025-08-30;Santander;2,65;3,16499600945614;15,149;2,1348;373750,315649748;13,014199999999999
2381;2025-09-30;Santander;2,99;4,39260049012083;15,3507;2,1383;373053,47833963;13,212399999999999
2382;2025-10-30;Santander;3,13;4,17632153639052;15,5555;2,12;372064,590718533;13,435500000000001
2383;2025-11-30;Santander;2,89;1,58920236608024;15,7477;2,0993;378114,510368936;13,6484
2384;2025-12-30;Santander;2,33;4,14063348002019;15,8871;1,9771;383542,1016983;13,91
2385;2010-01-30;Scotiabank;-0,468965319422168;3,09973872260936;19,97548;1,444581;91470,2482158548;18,530899
2386;2010-02-30;Scotiabank;-0,403009638595945;5,09543709179996;19,76036;1,39174;92459,18782068;18,36862
2387;2010-03-30;Scotiabank;-0,347595636880803;8,13674194381058;19,48806;1,35968;94126,3081121465;18,12838
2388;2010-04-30;Scotiabank;-0,37950009828018;7,9722443788201;19,39367;1,29767;95946,0098819624;18,096
2389;2010-05-30;Scotiabank;-0,400026134662752;7,53505209738022;19,17935;1,33258;97873,2306796958;17,84677
2390;2010-06-30;Scotiabank;-0,392363184682726;12,8277818078601;19,124;1,38977;99082,4339075997;17,73423
2391;2010-07-30;Scotiabank;-0,445350069170388;9,91181998600019;18,205;1,4506;100791,651839417;16,754399999999997
2392;2010-08-30;Scotiabank;-0,461274458120827;8,72290742396025;18,0813;1,6216;99774,2127051353;16,459699999999998
2393;2010-09-30;Scotiabank;-0,485898390682228;10,06527640767;18,3447;1,748;99406,3336637612;16,5967
2394;2010-10-30;Scotiabank;-0,364412965052484;9,42619659579032;18,7145;1,839;100541,496064182;16,875500000000002
2395;2010-11-30;Scotiabank;-0,385378205210961;8,83483102372992;18,718;1,842;103422,060777227;16,876
2396;2010-12-30;Scotiabank;-0,541782774417467;7,81210224176022;18,733;1,802;104896,071719061;16,931
2397;2011-01-30;Scotiabank;-0,569791398109569;9,56527024911006;18,679;1,865;105702,78900746;16,814
2398;2011-02-30;Scotiabank;-0,517636892241975;8,05783062817041;18,58;1,989;107403,07598927;16,590999999999998
2399;2011-03-30;Scotiabank;-0,489092254098411;7,68532243598949;18,6542;2,0394;110860,9531216;16,6148
2400;2011-04-30;Scotiabank;-0,498407201332511;7,42563488842943;18,512;2,0897;114610,68941318;16,4223
2401;2011-05-30;Scotiabank;-0,567060281969883;5,54189993776013;18,4926;2,3042;117469,44059454;16,1884
2402;2011-06-30;Scotiabank;-0,621832886786798;2,98103131605997;18,581;2,477;118641,26299725;16,104
2403;2011-07-30;Scotiabank;-0,653563131164947;6,06507053676931;18,54;2,4761;120036,9824773;16,0639
2404;2011-08-30;Scotiabank;-0,689822661477898;6,48080840764941;18,659;2,5197;120983,04623169;16,1393
2405;2011-09-30;Scotiabank;-0,739513317743404;4,90474354881041;18,717;2,5533;122529,13554308;16,1637
2406;2011-10-30;Scotiabank;-0,762998069539782;4,45651581325019;19,0103;2,5842;123168,52310561;16,4261
2407;2011-11-30;Scotiabank;-0,820208046475683;4,74225301367989;18,849;2,5703;124573,8061602;16,2787
2408;2011-12-30;Scotiabank;-0,858122256074737;8,66690720500048;18,861;2,4681;127594,4615945;16,3929
2409;2012-01-30;Scotiabank;-0,958841417056207;5,45154968600407;19,0294;2,4645;128619,250751001;16,564899999999998
2410;2012-02-30;Scotiabank;-0,982940613763052;7,05454218784318;18,7579;2,5004;128618,768754377;16,2575
2411;2012-03-30;Scotiabank;-0,949664115684798;5,85691316374118;19,0135;2,5203;130336,955932312;16,4932
2412;2012-04-30;Scotiabank;-0,97678695349382;3,19711552540307;19,2147;2,4393;131099,764668099;16,7754
2413;2012-05-30;Scotiabank;-0,960531406766129;6,9171164679619;19,341;2,4561;135396,412392417;16,884900000000002
2414;2012-06-30;Scotiabank;-1,03292784659659;7,53631288857866;19,6167;2,4757;136587,360127535;17,141000000000002
2415;2012-07-30;Scotiabank;-1,03277234364233;7,25261754336291;19,469;2,4835;137632,713477335;16,985500000000002
2416;2012-08-30;Scotiabank;-1,02274098502836;7,06201511835402;19,4068;2,4274;138742,833903589;16,979400000000002
2417;2012-09-30;Scotiabank;-1,07134410926865;6,74548019154057;19,3003;2,4527;140098,644280677;16,8476
2418;2012-10-30;Scotiabank;-1,04051879361757;7,41634436032168;19,3323;2,4474;140619,089445488;16,884900000000002
2419;2012-11-30;Scotiabank;-1,03861865665884;6,06180649649839;19,2763;2,4423;141971,486761694;16,834
2420;2012-12-30;Scotiabank;-1,06024263541098;3,42503686357549;19,085;2,37;143381,752445136;16,715
2421;2013-01-30;Scotiabank;-1,26140787728088;6,45527800965146;19,4116;2,3774;143924,213626111;17,0342
2422;2013-02-30;Scotiabank;-1,23711729616329;5,08612805742209;19,27;2,3671;144967,892788439;16,9029
2423;2013-03-30;Scotiabank;-1,14238322702813;3,50645360666613;19,0781;2,2871;146983,042569046;16,791
2424;2013-04-30;Scotiabank;-1,11064629109527;8,82067463968362;19,0897;2,309;149588,04782395;16,7807
2425;2013-05-30;Scotiabank;-1,11575870379058;4,26285716421081;18,9452;2,3039;153200,527471291;16,6413
2426;2013-06-30;Scotiabank;-1,07482369663289;5,85480037508544;18,8077;2,3187;157619,942045018;16,489
2427;2013-07-30;Scotiabank;-1,06747041371249;5,31159859188824;18,4748;2,3271;159868,223628347;16,147699999999997
2428;2013-08-30;Scotiabank;-1,03046035654263;5,50543308658207;18,1187;2,3158;163789,801182292;15,802900000000001
2429;2013-09-30;Scotiabank;-1,14051481262291;4,86322588723548;17,5843;2,3467;164610,589487021;15,237599999999999
2430;2013-10-30;Scotiabank;-1,07885947691358;6,2085695594993;16,6471;2,3432;166348,164810084;14,303899999999999
2431;2013-11-30;Scotiabank;-1,06289862755405;7,28241158278986;16,3673;2,3327;170158,401818378;14,034600000000001
2432;2013-12-30;Scotiabank;-1,05788453392152;7,03298792251822;15,8765;2,2697;171751,523064292;13,6068
2433;2014-01-30;Scotiabank;-1,01482854279577;4,22779553969517;15,9881;2,2552;172329,943011801;13,732899999999999
2434;2014-02-30;Scotiabank;-1,02493401601116;5,20778584573871;15,8071;2,2636;173515,547867492;13,5435
2435;2014-03-30;Scotiabank;-0,986964778087613;5,41175050657321;15,6132;2,2732;175851,686060143;13,34
2436;2014-04-30;Scotiabank;-1,03391025712449;2,9227670766698;15,5293;2,2957;177923,043139245;13,2336
2437;2014-05-30;Scotiabank;-1,03359142063814;2,59010248818859;15,6132;2,3419;179043,133266155;13,2713
2438;2014-06-30;Scotiabank;-1,0360515611099;0,377809386320063;16,0437;2,403;182625,504765777;13,6407
2439;2014-07-30;Scotiabank;-0,955164640432;1,44969443766443;15,9294;2,3829;183850,862135435;13,5465
2440;2014-08-30;Scotiabank;-0,913413633306367;1,35321229346922;15,8752;2,3319;185421,418434124;13,543299999999999
2441;2014-09-30;Scotiabank;-0,933667572784471;2,67337539829948;15,689;2,324;187783,967748193;13,365
2442;2014-10-30;Scotiabank;-0,86792704866648;2,27379963938056;15,5535;2,3087;190413,12089967;13,2448
2443;2014-11-30;Scotiabank;-0,692626508737981;0,157929164213429;15,6087;2,2923;192240,760977915;13,316400000000002
2444;2014-12-30;Scotiabank;-0,543932379494595;0,794857324711063;15,6694;2,2739;194937,779817565;13,3955
2445;2015-01-30;Scotiabank;-0,540809207753308;1,56136027088578;16,1668;2,2448;197122,269584258;13,921999999999999
2446;2015-02-30;Scotiabank;-0,32732374947852;1,23388958685352;15,9979;2,22;198325,232429746;13,777899999999999
2447;2015-03-30;Scotiabank;-0,440577474507869;2,93665474858232;16,0777;2,2281;202798,239654182;13,8496
2448;2015-04-30;Scotiabank;-0,417962445026275;4,19795086562356;15,9223333333333;2,21466666666667;206559,06471937;13,707666666666631
2449;2015-05-30;Scotiabank;-0,401410978152828;1,28310541124468;16,0042;2,2732;209835,686276021;13,731000000000002
2450;2015-06-30;Scotiabank;-0,359083003484777;4,0852915674958;16,1823;2,2477;210598,22149881;13,934600000000001
2451;2015-07-30;Scotiabank;-0,408150803243515;3,60261789062785;16,1542;2,2132;212490,570574082;13,940999999999999
2452;2015-08-30;Scotiabank;-0,421540254154493;2,66923547239152;16,2516;2,2558;216960,582850091;13,9958
2453;2015-09-30;Scotiabank;-0,391288823476252;3,1878615346694;16,0927;2,365;219330,718134439;13,7277
2454;2015-10-30;Scotiabank;-0,279211905834497;3,27340498190499;16,2439;2,37870967741936;221930,655338288;13,86519032258064
2455;2015-11-30;Scotiabank;-0,308963929424005;3,9419272426407;16,083;2,424;225923,716490611;13,658999999999999
2456;2015-12-30;Scotiabank;-0,170795264890585;6,50665717154398;16,0933;2,4073;225466,907267483;13,686
2457;2016-01-30;Scotiabank;-0,380565325666896;3,54102729192158;16,2358;2,4981;227274,63900488;13,7377
2458;2016-02-30;Scotiabank;-0,32732374947852;6,42433385603047;16,1293;2,57;229411,005103949;13,5593
2459;2016-03-30;Scotiabank;-0,243292233575876;3,54940732384805;16,0516;2,6139;226870,296620517;13,4377
2460;2016-04-30;Scotiabank;-0,20842265171003;2,76647916648216;15,9873;2,6137;227683,365987705;13,3736
2461;2016-05-30;Scotiabank;-0,140453520425712;4,87350380260541;16,0206;2,7061;228232,064959727;13,314500000000002
2462;2016-06-30;Scotiabank;-0,119336184514183;3,57853940223563;16,2;2,6457;228166,448775348;13,5543
2463;2016-07-30;Scotiabank;-0,16482325893561;3,58058848604883;16,3787;2,7039;231427,70755541;13,674799999999998
2464;2016-08-30;Scotiabank;-0,0643728151943317;5,77374525795702;16,4984;2,7113;232269,69808908;13,7871
2465;2016-09-30;Scotiabank;-0,155435474700171;4,50899026825206;16,8447;2,705;233147,0156;14,1397
2466;2016-10-30;Scotiabank;-0,0471111081435382;2,18073554688548;17,0642;2,7081;232223,63659347;14,3561
2467;2016-11-30;Scotiabank;-0,0630152664187283;3,51819707926029;17,0273;2,6703;234678,355714603;14,357
2468;2016-12-30;Scotiabank;-0,170795264890585;3,47941209391209;17,1565;2,6303;234802,958740691;14,526200000000001
2469;2017-01-30;Scotiabank;-0,0847370797142927;5,01618303367953;17,7387;2,7;231878,155603592;15,038700000000002
2470;2017-02-30;Scotiabank;-0,142730642479433;0,787434462023569;17,0679;2,7339;232033,630864814;14,334000000000001
2471;2017-03-30;Scotiabank;-0,174233879572435;1,16379585033846;16,9577;2,7077;231483,69539101;14,25
2472;2017-04-30;Scotiabank;-0,165515809692062;0,312176167669932;16,844;2,7083;231732,418459482;14,135700000000002
2473;2017-05-30;Scotiabank;-0,187905505282674;3,6584833367899;16,7794;2,7294;233202,820744494;14,049999999999999
2474;2017-06-30;Scotiabank;-0,230142659943976;3,97016280935115;17,084;2,7223;233091,202663926;14,361699999999999
2475;2017-07-30;Scotiabank;-0,222194833103317;2,23023573365417;17,0961;2,6939;234586,259024844;14,4022
2476;2017-08-30;Scotiabank;-0,256345947951656;2,8604754231328;16,9332;2,6571;235217,013544844;14,2761
2477;2017-09-30;Scotiabank;-0,234092757159624;3,35308282776933;16,6457;2,596;237583,524436263;14,049700000000001
2478;2017-10-30;Scotiabank;-0,130880526312397;3,60973198180482;16,4035;2,5858;238533,98464101;13,817700000000002
2479;2017-11-30;Scotiabank;-0,145058460421778;2,03212270846349;16,1023;2,5397;241891,656214012;13,5626
2480;2017-12-30;Scotiabank;-0,135001094921318;1,41887025613422;15,7974;2,461;243367,009744844;13,3364
2481;2018-01-30;Scotiabank;3,24562722993216;2,87233496226407;15,8884;2,4206;242941,760741095;13,4678
2482;2018-02-30;Scotiabank;3,25632530191658;2,71425300120006;15,6932;2,3446;245334,86868;13,3486
2483;2018-03-30;Scotiabank;3,25788850021905;3,8814633366802;15,1135;2,2861;246351,202016148;12,8274
2484;2018-04-30;Scotiabank;3,18927525227115;8,084233111352;14,347;2,2337;249116,793695291;12,113299999999999
2485;2018-05-30;Scotiabank;3,22468554334898;6,70725904443513;14,0677;2,1994;252163,211933841;11,868300000000001
2486;2018-06-30;Scotiabank;3,25909272587603;2,07181626049809;14,0947;2,26;253301,933239413;11,8347
2487;2018-07-30;Scotiabank;3,3196503789239;2,60707391223498;14,0626;2,2606;254421,797173841;11,802
2488;2018-08-30;Scotiabank;3,44209360368664;2,32022079624739;14,2242;2,2616;256503,807181553;11,9626
2489;2018-09-30;Scotiabank;3,34006849522564;2,39025390732122;14,302;2,2863;258816,6135;12,015699999999999
2490;2018-10-30;Scotiabank;3,43184185795291;4,08424499495933;14,1619;2,3381;262213,119146969;11,823799999999999
2491;2018-11-30;Scotiabank;3,47904625187358;5,05984750171066;14,2185;2,353;264496,08236;11,8655
2492;2018-12-30;Scotiabank;3,531995479865;4,70875013950894;14,2958;2,3594;267601,59422432;11,936399999999999
2493;2019-01-30;Scotiabank;3,50582259599472;1,68204536506575;14,321;2,4245;265517,052688956;11,8965
2494;2019-02-30;Scotiabank;3,50851397085668;2,08192064619262;14,3586;2,4704;264617,017414623;11,8882
2495;2019-03-30;Scotiabank;3,56082886767484;3,38565671233177;14,4926;2,4184;268155,642070597;12,0742
2496;2019-04-30;Scotiabank;3,54648765293711;-0,00370655104660235;14,509;2,4783;268798,917735074;12,0307
2497;2019-05-30;Scotiabank;3,55447387648256;0,689357311198934;14,4781;2,4839;272208,722555459;11,9942
2498;2019-06-30;Scotiabank;3,54659018397338;2,8184051537171;14,589;2,4923;272167,815575488;12,0967
2499;2019-07-30;Scotiabank;3,58815029227587;3,93022450861361;14,501;2,4655;274252,564675074;12,035499999999999
2500;2019-08-30;Scotiabank;3,56442506979764;3,71508023590506;14,4355;2,4068;278775,3476757;12,028699999999999
2501;2019-09-30;Scotiabank;3,59263328118788;2,53124314155433;14,4193;2,3203;279218,395525627;12,099
2502;2019-10-30;Scotiabank;3,6073278928449;2,70764198774884;14,2445;2,2823;282695,597197098;11,9622
2503;2019-11-30;Scotiabank;3,57029328717827;2,31063247935892;14,192;2,266;285104,147780919;11,926
2504;2019-12-30;Scotiabank;3,50222811336202;1,2406739415473;14,0848;2,1952;283417,612610272;11,8896
2505;2020-01-30;Scotiabank;3,54894549922915;3,30328579210706;14,351;2,1571;284480,616991903;12,193900000000001
2506;2020-02-30;Scotiabank;3,62308522920492;4,57990369607169;14,2166;2,1403;287509,080545274;12,0763
2507;2020-03-30;Scotiabank;3,78983332874799;-17,6060068593198;14,0555;2,0994;292520,521325249;11,9561
2508;2020-04-30;Scotiabank;4,17991685544698;-39,276985716532;13,3643;1,9517;294981,865972206;11,4126
2509;2020-05-30;Scotiabank;4,09832842433823;-32,727246502532;12,7823;1,7423;317901,940662927;11,04
2510;2020-06-30;Scotiabank;4,12706412652838;-18,1034455760272;12,4427;1,4927;323619,763992646;10,950000000000001
2511;2020-07-30;Scotiabank;3,74077133170553;-11,0192247908879;12,2887;1,3048;328728,354384708;10,9839
2512;2020-08-30;Scotiabank;4,15188880414385;-9,1655146146572;12,3435;1,1994;330282,552725012;11,1441
2513;2020-09-30;Scotiabank;4,41422827757868;-5,86720943430298;12,4423;1,1513;329715,208692015;11,291
2514;2020-10-30;Scotiabank;4,54845439303582;-3,25483448382076;12,4984;1,1065;329466,619187729;11,3919
2515;2020-11-30;Scotiabank;4,79460757342252;-2,10701610176808;12,3737;1,0603;330898,145004204;11,3134
2516;2020-12-30;Scotiabank;5,36742571030407;1,03032310851424;12,101;1,01;330497,714999158;11,091000000000001
2517;2021-01-30;Scotiabank;5,67941312558989;-0,997341320021622;12,0323;0,9526;322545,157791186;11,079699999999999
2518;2021-02-30;Scotiabank;5,49467342575414;-3,82132610746839;11,8846;0,9139;325538,713886489;10,9707
2519;2021-03-30;Scotiabank;4,89223877509623;19,8682137808316;11,1365;0,8919;330091,565388301;10,2446
2520;2021-04-30;Scotiabank;4,55288194812744;59,8947623291564;11,0793;0,8914;334027,12164637;10,187899999999999
2521;2021-05-30;Scotiabank;4,37008524284716;48,5993221115384;10,8042;0,8623;339745,11524814;9,9419
2522;2021-06-30;Scotiabank;4,38645436267717;23,4110933239464;10,683;0,819;346308,316824556;9,864
2523;2021-07-30;Scotiabank;4,32734967835807;13,3172829771082;10,6816;0,7865;356316,82537433;9,8951
2524;2021-08-30;Scotiabank;4,27644412445461;12,0115996029552;10,6861;0,7632;352728,81126038;9,9229
2525;2021-09-30;Scotiabank;4,0657263554777;10,0310469174935;10,4913;0,7803;353224,181395059;9,711
2526;2021-10-30;Scotiabank;3,99373894239022;4,76941227826566;10,5577;0,8197;348531,963698612;9,738000000000001
2527;2021-11-30;Scotiabank;3,8854489147342;3,75939452387283;10,7307;0,9177;351524,562791852;9,813
2528;2021-12-30;Scotiabank;3,85339463278042;2,03857895343596;10,9868;1,0332;351547,028702497;9,953600000000002
2529;2022-01-30;Scotiabank;3,71161791686657;3,07233820894321;11,1277;1,1216;347860,89644456;10,0061
2530;2022-02-30;Scotiabank;3,54526428698292;4,84817141819692;11,2939;1,3082;349410,614110348;9,985700000000001
2531;2022-03-30;Scotiabank;3,5402578786945;3,90609081039353;11,5168;1,4668;352219,544574875;10,05
2532;2022-04-30;Scotiabank;3,46297060382576;4,05956735448008;11,8497;1,5737;356360,952277521;10,276
2533;2022-05-30;Scotiabank;3,4296991607499;2,55561245088643;12,1248;1,8519;355562,181344763;10,2729
2534;2022-06-30;Scotiabank;3,61584221222334;3,73340672963062;12,4933;2,0823;361021,846173373;10,411
2535;2022-07-30;Scotiabank;3,89657839767979;1,99929995548116;12,6616;2,2897;369690,15928018;10,3719
2536;2022-08-30;Scotiabank;4,0086068254812;2,00923450710866;12,9406;2,4726;366647,946617273;10,468
2537;2022-09-30;Scotiabank;4,02977153908562;2,1575485636082;13,3757;2,6123;369424,002927107;10,7634
2538;2022-10-30;Scotiabank;4,0731385273528;2,60004901094656;13,5935;2,7542;366395,936714041;10,839300000000001
2539;2022-11-30;Scotiabank;4,11117780952057;2,19611119378252;13,926;2,9257;362694,817549764;11,0003
2540;2022-12-30;Scotiabank;4,07923194071245;1,28549481803624;14,2635;2,9706;359700,887677788;11,2929
2541;2023-01-30;Scotiabank;4,04138524886315;-0,57827332938386;14,4623;3,1671;358160,728410833;11,295200000000001
2542;2023-02-30;Scotiabank;4,09031784849371;-0,349595705654184;14,7364;3,3196;355361,513441952;11,4168
2543;2023-03-30;Scotiabank;4,082430437341;0,832314576504402;14,8803;3,4381;358265,32925923;11,4422
2544;2023-04-30;Scotiabank;4,13934887731454;0,691224584296832;15,1693;3,5837;357840,458055733;11,5856
2545;2023-05-30;Scotiabank;3,71833171167565;-1,17093071981193;15,2971;3,7155;356116,540382048;11,5816
2546;2023-06-30;Scotiabank;3,75020281218062;-0,695984429638633;15,539;3,7597;354603,589179229;11,7793
2547;2023-07-30;Scotiabank;3,96360688094051;-1,01583755810768;15,6423;3,8658;353847,808119614;11,7765
2548;2023-08-30;Scotiabank;3,98797983975594;0,0614750474334791;15,7516;3,9045;356416,541034821;11,8471
2549;2023-09-30;Scotiabank;4,14086138068968;-0,906756202466222;15,9513;3,963;359108,185513356;11,988299999999999
2550;2023-10-30;Scotiabank;4,25312668070714;-0,682307691141691;15,9116;3,9019;359937,811494317;12,0097
2551;2023-11-30;Scotiabank;4,35113699823579;0,701153437700412;15,876;3,7447;357828,458321504;12,1313
2552;2023-12-30;Scotiabank;4,51768142878495;-0,945679280085103;15,8642;3,5484;357746,005812666;12,3158
2553;2024-01-30;Scotiabank;4,54462792496352;1,83097461976354;15,8087;3,4516;355455,149034539;12,357099999999999
2554;2024-02-30;Scotiabank;4,64123816407405;3,16241000807473;15,7303;3,3383;351565,53394342;12,392
2555;2024-03-30;Scotiabank;4,81624749995282;-0,409690120959002;15,76;3,2448;353331,905670393;12,5152
2556;2024-04-30;Scotiabank;4,7604848732575;5,52986981371346;15,734;3,1577;356241,641699629;12,5763
2557;2024-05-30;Scotiabank;4,77;5,70691310837814;15,7542;3,0468;357552,518811107;12,7074
2558;2024-06-30;Scotiabank;4,88;0,370585322038706;15,6527;2,9473;366420,50177239;12,7054
2559;2024-07-30;Scotiabank;4,74183950144383;4,85868197288225;15,081;2,7852;364559,672342253;12,2958
2560;2024-08-30;Scotiabank;4,24487447365103;3,97028100948149;14,9261;2,6448;366002,017201794;12,2813
2561;2024-09-30;Scotiabank;4,35642448360829;3,49053235679599;14,7177;2,6053;361085,629076086;12,112400000000001
2562;2024-10-30;Scotiabank;4,27283465351914;3,83110341773776;14,7445;2,561;357635,416378008;12,1835
2563;2024-11-30;Scotiabank;4,32;4,38200682962149;14,781;2,5237;357014,157664061;12,2573
2564;2024-12-30;Scotiabank;4,26;5,06622215564914;14,8781;2,42;357677,259424096;12,4581
2565;2025-01-30;Scotiabank;4,13;4,40268408625997;14,9906;2,3587;354760,01862769;12,631900000000002
2566;2025-02-30;Scotiabank;4,13;2,83135361395376;14,9064;2,3507;355585,444264296;12,5557
2567;2025-03-30;Scotiabank;4,17;4,77444217851402;14,7668;2,3426;360539,211660019;12,424199999999999
2568;2025-04-30;Scotiabank;4,15;1,29967380625761;14,9607;2,2863;363066,00391258;12,674399999999999
2569;2025-05-30;Scotiabank;4,05;2,02240324884952;14,9519;2,2671;366803,283034096;12,6848
2570;2025-06-30;Scotiabank;3,99;4,94005155999517;14,9807;2,2737;366620,72027072;12,707
2571;2025-07-30;Scotiabank;4,05;3,55064175415287;15,0445;2,1616;372582,021288069;12,8829
2572;2025-08-30;Scotiabank;4,11;3,16499600945614;15,149;2,1348;373750,315649748;13,014199999999999
2573;2025-09-30;Scotiabank;4,0;4,39260049012083;15,3507;2,1383;373053,47833963;13,212399999999999
2574;2025-10-30;Scotiabank;3,99;4,17632153639052;15,5555;2,12;372064,590718533;13,435500000000001
2575;2025-11-30;Scotiabank;3,94;1,58920236608024;15,7477;2,0993;378114,510368936;13,6484
2576;2025-12-30;Scotiabank;3,94;4,14063348002019;15,8871;1,9771;383542,1016983;13,91
2577;2010-01-30;Total_Sistema;-1,07981318390099;3,09973872260936;19,97548;1,444581;91470,2482158548;18,530899
2578;2010-02-30;Total_Sistema;-1,03343957113004;5,09543709179996;19,76036;1,39174;92459,18782068;18,36862
2579;2010-03-30;Total_Sistema;-0,942095800125606;8,13674194381058;19,48806;1,35968;94126,3081121465;18,12838
2580;2010-04-30;Total_Sistema;-0,956467052154669;7,9722443788201;19,39367;1,29767;95946,0098819624;18,096
2581;2010-05-30;Total_Sistema;-0,906721940727029;7,53505209738022;19,17935;1,33258;97873,2306796958;17,84677
2582;2010-06-30;Total_Sistema;-0,974494599473018;12,8277818078601;19,124;1,38977;99082,4339075997;17,73423
2583;2010-07-30;Total_Sistema;-0,991654756565712;9,91181998600019;18,205;1,4506;100791,651839417;16,754399999999997
2584;2010-08-30;Total_Sistema;-0,992850627780933;8,72290742396025;18,0813;1,6216;99774,2127051353;16,459699999999998
2585;2010-09-30;Total_Sistema;-1,07013300962002;10,06527640767;18,3447;1,748;99406,3336637612;16,5967
2586;2010-10-30;Total_Sistema;-1,07388085223707;9,42619659579032;18,7145;1,839;100541,496064182;16,875500000000002
2587;2010-11-30;Total_Sistema;-1,10905287415933;8,83483102372992;18,718;1,842;103422,060777227;16,876
2588;2010-12-30;Total_Sistema;-1,19012912552159;7,81210224176022;18,733;1,802;104896,071719061;16,931
2589;2011-01-30;Total_Sistema;-1,18193935149356;9,56527024911006;18,679;1,865;105702,78900746;16,814
2590;2011-02-30;Total_Sistema;-1,20397958687219;8,05783062817041;18,58;1,989;107403,07598927;16,590999999999998
2591;2011-03-30;Total_Sistema;-1,19992447828815;7,68532243598949;18,6542;2,0394;110860,9531216;16,6148
2592;2011-04-30;Total_Sistema;-1,18663283243646;7,42563488842943;18,512;2,0897;114610,68941318;16,4223
2593;2011-05-30;Total_Sistema;-1,19720397800093;5,54189993776013;18,4926;2,3042;117469,44059454;16,1884
2594;2011-06-30;Total_Sistema;-1,23185341804897;2,98103131605997;18,581;2,477;118641,26299725;16,104
2595;2011-07-30;Total_Sistema;-1,24457567683523;6,06507053676931;18,54;2,4761;120036,9824773;16,0639
2596;2011-08-30;Total_Sistema;-1,2488487776952;6,48080840764941;18,659;2,5197;120983,04623169;16,1393
2597;2011-09-30;Total_Sistema;-1,26547927958377;4,90474354881041;18,717;2,5533;122529,13554308;16,1637
2598;2011-10-30;Total_Sistema;-1,26987730979053;4,45651581325019;19,0103;2,5842;123168,52310561;16,4261
2599;2011-11-30;Total_Sistema;-1,32003315004558;4,74225301367989;18,849;2,5703;124573,8061602;16,2787
2600;2011-12-30;Total_Sistema;-1,32709497949133;8,66690720500048;18,861;2,4681;127594,4615945;16,3929
2601;2012-01-30;Total_Sistema;-1,35171141715641;5,45154968600407;19,0294;2,4645;128619,250751001;16,564899999999998
2602;2012-02-30;Total_Sistema;-1,3549918114452;7,05454218784318;18,7579;2,5004;128618,768754377;16,2575
2603;2012-03-30;Total_Sistema;-1,3451306092898;5,85691316374118;19,0135;2,5203;130336,955932312;16,4932
2604;2012-04-30;Total_Sistema;-1,35176966949644;3,19711552540307;19,2147;2,4393;131099,764668099;16,7754
2605;2012-05-30;Total_Sistema;-1,3092336231386;6,9171164679619;19,341;2,4561;135396,412392417;16,884900000000002
2606;2012-06-30;Total_Sistema;-1,30974100782718;7,53631288857866;19,6167;2,4757;136587,360127535;17,141000000000002
2607;2012-07-30;Total_Sistema;-1,26751247379217;7,25261754336291;19,469;2,4835;137632,713477335;16,985500000000002
2608;2012-08-30;Total_Sistema;-1,25221224996249;7,06201511835402;19,4068;2,4274;138742,833903589;16,979400000000002
2609;2012-09-30;Total_Sistema;-1,28035372984377;6,74548019154057;19,3003;2,4527;140098,644280677;16,8476
2610;2012-10-30;Total_Sistema;-1,253790240867;7,41634436032168;19,3323;2,4474;140619,089445488;16,884900000000002
2611;2012-11-30;Total_Sistema;-1,25990318635738;6,06180649649839;19,2763;2,4423;141971,486761694;16,834
2612;2012-12-30;Total_Sistema;-1,2505119569442;3,42503686357549;19,085;2,37;143381,752445136;16,715
2613;2013-01-30;Total_Sistema;-1,28506032312518;6,45527800965146;19,4116;2,3774;143924,213626111;17,0342
2614;2013-02-30;Total_Sistema;-1,27396173318462;5,08612805742209;19,27;2,3671;144967,892788439;16,9029
2615;2013-03-30;Total_Sistema;-1,20013242917467;3,50645360666613;19,0781;2,2871;146983,042569046;16,791
2616;2013-04-30;Total_Sistema;-1,18564390771668;8,82067463968362;19,0897;2,309;149588,04782395;16,7807
2617;2013-05-30;Total_Sistema;-1,15057315860679;4,26285716421081;18,9452;2,3039;153200,527471291;16,6413
2618;2013-06-30;Total_Sistema;-1,14154440359344;5,85480037508544;18,8077;2,3187;157619,942045018;16,489
2619;2013-07-30;Total_Sistema;-1,09420036704758;5,31159859188824;18,4748;2,3271;159868,223628347;16,147699999999997
2620;2013-08-30;Total_Sistema;-1,07021822861025;5,50543308658207;18,1187;2,3158;163789,801182292;15,802900000000001
2621;2013-09-30;Total_Sistema;-1,09400064373207;4,86322588723548;17,5843;2,3467;164610,589487021;15,237599999999999
2622;2013-10-30;Total_Sistema;-1,05192033182521;6,2085695594993;16,6471;2,3432;166348,164810084;14,303899999999999
2623;2013-11-30;Total_Sistema;-1,03711930558312;7,28241158278986;16,3673;2,3327;170158,401818378;14,034600000000001
2624;2013-12-30;Total_Sistema;-0,992845998050607;7,03298792251822;15,8765;2,2697;171751,523064292;13,6068
2625;2014-01-30;Total_Sistema;-0,954646798537362;4,22779553969517;15,9881;2,2552;172329,943011801;13,732899999999999
2626;2014-02-30;Total_Sistema;-0,95483047288656;5,20778584573871;15,8071;2,2636;173515,547867492;13,5435
2627;2014-03-30;Total_Sistema;-0,945288348338772;5,41175050657321;15,6132;2,2732;175851,686060143;13,34
2628;2014-04-30;Total_Sistema;-0,951374894212407;2,9227670766698;15,5293;2,2957;177923,043139245;13,2336
2629;2014-05-30;Total_Sistema;-0,919689516762813;2,59010248818859;15,6132;2,3419;179043,133266155;13,2713
2630;2014-06-30;Total_Sistema;-0,937901664897305;0,377809386320063;16,0437;2,403;182625,504765777;13,6407
2631;2014-07-30;Total_Sistema;-0,851894012739674;1,44969443766443;15,9294;2,3829;183850,862135435;13,5465
2632;2014-08-30;Total_Sistema;-0,840250370380197;1,35321229346922;15,8752;2,3319;185421,418434124;13,543299999999999
2633;2014-09-30;Total_Sistema;-0,782159937741421;2,67337539829948;15,689;2,324;187783,967748193;13,365
2634;2014-10-30;Total_Sistema;-0,68890725963177;2,27379963938056;15,5535;2,3087;190413,12089967;13,2448
2635;2014-11-30;Total_Sistema;-0,687784578755779;0,157929164213429;15,6087;2,2923;192240,760977915;13,316400000000002
2636;2014-12-30;Total_Sistema;-0,585803474068313;0,794857324711063;15,6694;2,2739;194937,779817565;13,3955
2637;2015-01-30;Total_Sistema;-0,607852965754395;1,56136027088578;16,1668;2,2448;197122,269584258;13,921999999999999
2638;2015-02-30;Total_Sistema;-0,55310692548763;1,23388958685352;15,9979;2,22;198325,232429746;13,777899999999999
2639;2015-03-30;Total_Sistema;-0,648044097123414;2,93665474858232;16,0777;2,2281;202798,239654182;13,8496
2640;2015-04-30;Total_Sistema;-0,617299731185986;4,19795086562356;15,9223333333333;2,21466666666667;206559,06471937;13,707666666666631
2641;2015-05-30;Total_Sistema;-0,591982353855263;1,28310541124468;16,0042;2,2732;209835,686276021;13,731000000000002
2642;2015-06-30;Total_Sistema;-0,623320653269388;4,0852915674958;16,1823;2,2477;210598,22149881;13,934600000000001
2643;2015-07-30;Total_Sistema;-0,589342347938069;3,60261789062785;16,1542;2,2132;212490,570574082;13,940999999999999
2644;2015-08-30;Total_Sistema;-0,589727794880051;2,66923547239152;16,2516;2,2558;216960,582850091;13,9958
2645;2015-09-30;Total_Sistema;-0,604995808525998;3,1878615346694;16,0927;2,365;219330,718134439;13,7277
2646;2015-10-30;Total_Sistema;-0,568519048331759;3,27340498190499;16,2439;2,37870967741936;221930,655338288;13,86519032258064
2647;2015-11-30;Total_Sistema;-0,526352100467656;3,9419272426407;16,083;2,424;225923,716490611;13,658999999999999
2648;2015-12-30;Total_Sistema;-0,466232645152518;6,50665717154398;16,0933;2,4073;225466,907267483;13,686
2649;2016-01-30;Total_Sistema;-0,588234307651714;3,54102729192158;16,2358;2,4981;227274,63900488;13,7377
2650;2016-02-30;Total_Sistema;-0,55310692548763;6,42433385603047;16,1293;2,57;229411,005103949;13,5593
2651;2016-03-30;Total_Sistema;-0,572810172652404;3,54940732384805;16,0516;2,6139;226870,296620517;13,4377
2652;2016-04-30;Total_Sistema;-0,514922433678113;2,76647916648216;15,9873;2,6137;227683,365987705;13,3736
2653;2016-05-30;Total_Sistema;-0,455762265550142;4,87350380260541;16,0206;2,7061;228232,064959727;13,314500000000002
2654;2016-06-30;Total_Sistema;-0,437075481308033;3,57853940223563;16,2;2,6457;228166,448775348;13,5543
2655;2016-07-30;Total_Sistema;-0,446427385455651;3,58058848604883;16,3787;2,7039;231427,70755541;13,674799999999998
2656;2016-08-30;Total_Sistema;-0,392709150153627;5,77374525795702;16,4984;2,7113;232269,69808908;13,7871
2657;2016-09-30;Total_Sistema;-0,414458539406113;4,50899026825206;16,8447;2,705;233147,0156;14,1397
2658;2016-10-30;Total_Sistema;-0,350160394953117;2,18073554688548;17,0642;2,7081;232223,63659347;14,3561
2659;2016-11-30;Total_Sistema;-0,368150496838563;3,51819707926029;17,0273;2,6703;234678,355714603;14,357
2660;2016-12-30;Total_Sistema;-0,466232645152518;3,47941209391209;17,1565;2,6303;234802,958740691;14,526200000000001
2661;2017-01-30;Total_Sistema;-0,367711139473621;5,01618303367953;17,7387;2,7;231878,155603592;15,038700000000002
2662;2017-02-30;Total_Sistema;-0,350037433496358;0,787434462023569;17,0679;2,7339;232033,630864814;14,334000000000001
2663;2017-03-30;Total_Sistema;-0,329413800134421;1,16379585033846;16,9577;2,7077;231483,69539101;14,25
2664;2017-04-30;Total_Sistema;-0,347878240743341;0,312176167669932;16,844;2,7083;231732,418459482;14,135700000000002
2665;2017-05-30;Total_Sistema;-0,317517815425733;3,6584833367899;16,7794;2,7294;233202,820744494;14,049999999999999
2666;2017-06-30;Total_Sistema;-0,360458361876616;3,97016280935115;17,084;2,7223;233091,202663926;14,361699999999999
2667;2017-07-30;Total_Sistema;-0,3589745119768;2,23023573365417;17,0961;2,6939;234586,259024844;14,4022
2668;2017-08-30;Total_Sistema;-0,348855260316429;2,8604754231328;16,9332;2,6571;235217,013544844;14,2761
2669;2017-09-30;Total_Sistema;-0,311805379971188;3,35308282776933;16,6457;2,596;237583,524436263;14,049700000000001
2670;2017-10-30;Total_Sistema;-0,289837124363681;3,60973198180482;16,4035;2,5858;238533,98464101;13,817700000000002
2671;2017-11-30;Total_Sistema;-0,263127895481221;2,03212270846349;16,1023;2,5397;241891,656214012;13,5626
2672;2017-12-30;Total_Sistema;-0,237052221655449;1,41887025613422;15,7974;2,461;243367,009744844;13,3364
2673;2018-01-30;Total_Sistema;3,14519066002727;2,87233496226407;15,8884;2,4206;242941,760741095;13,4678
2674;2018-02-30;Total_Sistema;3,26151150084781;2,71425300120006;15,6932;2,3446;245334,86868;13,3486
2675;2018-03-30;Total_Sistema;3,0878420925932;3,8814633366802;15,1135;2,2861;246351,202016148;12,8274
2676;2018-04-30;Total_Sistema;3,1271182026806;8,084233111352;14,347;2,2337;249116,793695291;12,113299999999999
2677;2018-05-30;Total_Sistema;3,15582794824177;6,70725904443513;14,0677;2,1994;252163,211933841;11,868300000000001
2678;2018-06-30;Total_Sistema;3,11917352455379;2,07181626049809;14,0947;2,26;253301,933239413;11,8347
2679;2018-07-30;Total_Sistema;3,19897849603831;2,60707391223498;14,0626;2,2606;254421,797173841;11,802
2680;2018-08-30;Total_Sistema;3,2376456401199;2,32022079624739;14,2242;2,2616;256503,807181553;11,9626
2681;2018-09-30;Total_Sistema;3,08026289723203;2,39025390732122;14,302;2,2863;258816,6135;12,015699999999999
2682;2018-10-30;Total_Sistema;3,10904125590263;4,08424499495933;14,1619;2,3381;262213,119146969;11,823799999999999
2683;2018-11-30;Total_Sistema;3,08450276553666;5,05984750171066;14,2185;2,353;264496,08236;11,8655
2684;2018-12-30;Total_Sistema;2,9597065723084;4,70875013950894;14,2958;2,3594;267601,59422432;11,936399999999999
2685;2019-01-30;Total_Sistema;3,04847506876505;1,68204536506575;14,321;2,4245;265517,052688956;11,8965
2686;2019-02-30;Total_Sistema;3,05667140624593;2,08192064619262;14,3586;2,4704;264617,017414623;11,8882
2687;2019-03-30;Total_Sistema;2,99999966105989;3,38565671233177;14,4926;2,4184;268155,642070597;12,0742
2688;2019-04-30;Total_Sistema;3,06012323322907;-0,00370655104660235;14,509;2,4783;268798,917735074;12,0307
2689;2019-05-30;Total_Sistema;3,11784638591579;0,689357311198934;14,4781;2,4839;272208,722555459;11,9942
2690;2019-06-30;Total_Sistema;3,09426522474517;2,8184051537171;14,589;2,4923;272167,815575488;12,0967
2691;2019-07-30;Total_Sistema;3,1360073883821;3,93022450861361;14,501;2,4655;274252,564675074;12,035499999999999
2692;2019-08-30;Total_Sistema;3,13760601121313;3,71508023590506;14,4355;2,4068;278775,3476757;12,028699999999999
2693;2019-09-30;Total_Sistema;3,11181431724905;2,53124314155433;14,4193;2,3203;279218,395525627;12,099
2694;2019-10-30;Total_Sistema;3,09241656788387;2,70764198774884;14,2445;2,2823;282695,597197098;11,9622
2695;2019-11-30;Total_Sistema;3,05944824397228;2,31063247935892;14,192;2,266;285104,147780919;11,926
2696;2019-12-30;Total_Sistema;3,02762252360114;1,2406739415473;14,0848;2,1952;283417,612610272;11,8896
2697;2020-01-30;Total_Sistema;3,1038717695207;3,30328579210706;14,351;2,1571;284480,616991903;12,193900000000001
2698;2020-02-30;Total_Sistema;3,10114400351148;4,57990369607169;14,2166;2,1403;287509,080545274;12,0763
2699;2020-03-30;Total_Sistema;3,15994706174897;-17,6060068593198;14,0555;2,0994;292520,521325249;11,9561
2700;2020-04-30;Total_Sistema;3,39566323634592;-39,276985716532;13,3643;1,9517;294981,865972206;11,4126
2701;2020-05-30;Total_Sistema;3,08616708629;-32,727246502532;12,7823;1,7423;317901,940662927;11,04
2702;2020-06-30;Total_Sistema;3,15991786341011;-18,1034455760272;12,4427;1,4927;323619,763992646;10,950000000000001
2703;2020-07-30;Total_Sistema;3,03434570860496;-11,0192247908879;12,2887;1,3048;328728,354384708;10,9839
2704;2020-08-30;Total_Sistema;3,11567558145237;-9,1655146146572;12,3435;1,1994;330282,552725012;11,1441
2705;2020-09-30;Total_Sistema;3,30258064356599;-5,86720943430298;12,4423;1,1513;329715,208692015;11,291
2706;2020-10-30;Total_Sistema;3,52927265934593;-3,25483448382076;12,4984;1,1065;329466,619187729;11,3919
2707;2020-11-30;Total_Sistema;3,71091305823549;-2,10701610176808;12,3737;1,0603;330898,145004204;11,3134
2708;2020-12-30;Total_Sistema;3,8102825407184;1,03032310851424;12,101;1,01;330497,714999158;11,091000000000001
2709;2021-01-30;Total_Sistema;3,84839322182932;-0,997341320021622;12,0323;0,9526;322545,157791186;11,079699999999999
2710;2021-02-30;Total_Sistema;3,85778813967527;-3,82132610746839;11,8846;0,9139;325538,713886489;10,9707
2711;2021-03-30;Total_Sistema;3,76742346752542;19,8682137808316;11,1365;0,8919;330091,565388301;10,2446
2712;2021-04-30;Total_Sistema;3,63905854376485;59,8947623291564;11,0793;0,8914;334027,12164637;10,187899999999999
2713;2021-05-30;Total_Sistema;3,58448734961418;48,5993221115384;10,8042;0,8623;339745,11524814;9,9419
2714;2021-06-30;Total_Sistema;3,62268563558908;23,4110933239464;10,683;0,819;346308,316824556;9,864
2715;2021-07-30;Total_Sistema;3,67943201418543;13,3172829771082;10,6816;0,7865;356316,82537433;9,8951
2716;2021-08-30;Total_Sistema;3,71881460958484;12,0115996029552;10,6861;0,7632;352728,81126038;9,9229
2717;2021-09-30;Total_Sistema;3,75167268170619;10,0310469174935;10,4913;0,7803;353224,181395059;9,711
2718;2021-10-30;Total_Sistema;3,85965465068903;4,76941227826566;10,5577;0,8197;348531,963698612;9,738000000000001
2719;2021-11-30;Total_Sistema;3,85987329263257;3,75939452387283;10,7307;0,9177;351524,562791852;9,813
2720;2021-12-30;Total_Sistema;3,78588222582932;2,03857895343596;10,9868;1,0332;351547,028702497;9,953600000000002
2721;2022-01-30;Total_Sistema;3,89129160010795;3,07233820894321;11,1277;1,1216;347860,89644456;10,0061
2722;2022-02-30;Total_Sistema;3,84427100573334;4,84817141819692;11,2939;1,3082;349410,614110348;9,985700000000001
2723;2022-03-30;Total_Sistema;3,82065158095381;3,90609081039353;11,5168;1,4668;352219,544574875;10,05
2724;2022-04-30;Total_Sistema;3,78426439506345;4,05956735448008;11,8497;1,5737;356360,952277521;10,276
2725;2022-05-30;Total_Sistema;3,82256240043624;2,55561245088643;12,1248;1,8519;355562,181344763;10,2729
2726;2022-06-30;Total_Sistema;3,84811793886159;3,73340672963062;12,4933;2,0823;361021,846173373;10,411
2727;2022-07-30;Total_Sistema;3,8;1,99929995548116;12,6616;2,2897;369690,15928018;10,3719
2728;2022-08-30;Total_Sistema;3,95512176814741;2,00923450710866;12,9406;2,4726;366647,946617273;10,468
2729;2022-09-30;Total_Sistema;3,98701575250563;2,1575485636082;13,3757;2,6123;369424,002927107;10,7634
2730;2022-10-30;Total_Sistema;4,04790360790565;2,60004901094656;13,5935;2,7542;366395,936714041;10,839300000000001
2731;2022-11-30;Total_Sistema;4,019187376436;2,19611119378252;13,926;2,9257;362694,817549764;11,0003
2732;2022-12-30;Total_Sistema;3,96240438650947;1,28549481803624;14,2635;2,9706;359700,887677788;11,2929
2733;2023-01-30;Total_Sistema;4,02915752781957;-0,57827332938386;14,4623;3,1671;358160,728410833;11,295200000000001
2734;2023-02-30;Total_Sistema;4,03300480330492;-0,349595705654184;14,7364;3,3196;355361,513441952;11,4168
2735;2023-03-30;Total_Sistema;3,97439828974475;0,832314576504402;14,8803;3,4381;358265,32925923;11,4422
2736;2023-04-30;Total_Sistema;4,0317913236286;0,691224584296832;15,1693;3,5837;357840,458055733;11,5856
2737;2023-05-30;Total_Sistema;4,06383101858679;-1,17093071981193;15,2971;3,7155;356116,540382048;11,5816
2738;2023-06-30;Total_Sistema;4,08191257918422;-0,695984429638633;15,539;3,7597;354603,589179229;11,7793
2739;2023-07-30;Total_Sistema;4,20932309677453;-1,01583755810768;15,6423;3,8658;353847,808119614;11,7765
2740;2023-08-30;Total_Sistema;4,27025914007572;0,0614750474334791;15,7516;3,9045;356416,541034821;11,8471
2741;2023-09-30;Total_Sistema;4,30436687248137;-0,906756202466222;15,9513;3,963;359108,185513356;11,988299999999999
2742;2023-10-30;Total_Sistema;4,39974390699792;-0,682307691141691;15,9116;3,9019;359937,811494317;12,0097
2743;2023-11-30;Total_Sistema;4,39836994474117;0,701153437700412;15,876;3,7447;357828,458321504;12,1313
2744;2023-12-30;Total_Sistema;4,3281923504803;-0,945679280085103;15,8642;3,5484;357746,005812666;12,3158
2745;2024-01-30;Total_Sistema;4,43826726310807;1,83097461976354;15,8087;3,4516;355455,149034539;12,357099999999999
2746;2024-02-30;Total_Sistema;4,44426032488222;3,16241000807473;15,7303;3,3383;351565,53394342;12,392
2747;2024-03-30;Total_Sistema;4,48099888361583;-0,409690120959002;15,76;3,2448;353331,905670393;12,5152
2748;2024-04-30;Total_Sistema;4,47371720708184;5,52986981371346;15,734;3,1577;356241,641699629;12,5763
2749;2024-05-30;Total_Sistema;4,57;5,70691310837814;15,7542;3,0468;357552,518811107;12,7074
2750;2024-06-30;Total_Sistema;4,49;0,370585322038706;15,6527;2,9473;366420,50177239;12,7054
2751;2024-07-30;Total_Sistema;4,447350688963;4,85868197288225;15,081;2,7852;364559,672342253;12,2958
2752;2024-08-30;Total_Sistema;4,22853287008822;3,97028100948149;14,9261;2,6448;366002,017201794;12,2813
2753;2024-09-30;Total_Sistema;4,16429293490612;3,49053235679599;14,7177;2,6053;361085,629076086;12,112400000000001
2754;2024-10-30;Total_Sistema;4,07775268926764;3,83110341773776;14,7445;2,561;357635,416378008;12,1835
2755;2024-11-30;Total_Sistema;3,96;4,38200682962149;14,781;2,5237;357014,157664061;12,2573
2756;2024-12-30;Total_Sistema;3,8;5,06622215564914;14,8781;2,42;357677,259424096;12,4581
2757;2025-01-30;Total_Sistema;3,78;4,40268408625997;14,9906;2,3587;354760,01862769;12,631900000000002
2758;2025-02-30;Total_Sistema;3,69;2,83135361395376;14,9064;2,3507;355585,444264296;12,5557
2759;2025-03-30;Total_Sistema;3,73;4,77444217851402;14,7668;2,3426;360539,211660019;12,424199999999999
2760;2025-04-30;Total_Sistema;3,66;1,29967380625761;14,9607;2,2863;363066,00391258;12,674399999999999
2761;2025-05-30;Total_Sistema;3,62;2,02240324884952;14,9519;2,2671;366803,283034096;12,6848
2762;2025-06-30;Total_Sistema;3,51;4,94005155999517;14,9807;2,2737;366620,72027072;12,707
2763;2025-07-30;Total_Sistema;3,53;3,55064175415287;15,0445;2,1616;372582,021288069;12,8829
2764;2025-08-30;Total_Sistema;3,47;3,16499600945614;15,149;2,1348;373750,315649748;13,014199999999999
2765;2025-09-30;Total_Sistema;3,42;4,39260049012083;15,3507;2,1383;373053,47833963;13,212399999999999
2766;2025-10-30;Total_Sistema;3,4;4,17632153639052;15,5555;2,12;372064,590718533;13,435500000000001
2767;2025-11-30;Total_Sistema;3,27;1,58920236608024;15,7477;2,0993;378114,510368936;13,6484
2768;2025-12-30;Total_Sistema;3,27;4,14063348002019;15,8871;1,9771;383542,1016983;13,91
